#_prom,Player,Team,GP,MPG,PPG,FGM,FGA,FG%,3PM,3PA,3P%,FTM,FTA,FT%,ORB,DRB,RPG,APG,SPG,BPG,TOV,PF,#_adv,TS%,eFG%,Total S %,ORB%,DRB%,TRB%,AST%,TOV%,STL%,BLK%,USG%,PPR,PPS,ORtg,DRtg,eDiff,FIC,PER,MIN,Pos,#,Dbl Dbl,Tpl Dbl,40 Pts,20 Reb,20 Ast,5 Stl,5 Blk,High Game,Techs,HOB,Ast/TO,Stl/TO,FT/FGA,W's,L's,Win %,OWS,DWS,WS,Team_completo
1,JERRICK HARDING,AND,30,26.6,20.0,6.7,13.9,0.486,2.1,5.6,0.371,4.5,5.1,0.882,0.8,1.5,2.2,1.8,1.1,0.2,1.8,2.5,12,0.621,0.56,173.8,3.7,7.1,5.4,13.0,10.2,2.2,0.7,30.8,-2.3,1.4,123.9,122.4,1.6,286.0,22.4,799.4,PG,151,0,0,0,0,0,1,0,36,0,0.276,1.0,0.6,0.4,12,18,0.4,2.9,0.1,3.0,MORABANC ANDORRA
2,DERRICK ALSTON JR.,MAN,34,25.4,16.9,5.6,12.5,0.445,2.1,6.6,0.318,3.6,4.5,0.816,1.2,3.0,4.2,1.8,0.9,0.2,2.1,1.9,39,0.582,0.528,157.9,5.4,15.5,10.2,13.4,12.8,1.9,0.9,28.5,-3.6,1.3,114.3,109.1,5.2,309.0,18.5,864.4,,55,0,0,0,0,0,0,0,29,0,0.249,0.8,0.4,0.4,17,17,0.5,1.4,1.7,3.1,BAXI MANRESA
3,DYLAN ENNIS,MUR,34,28.4,16.6,5.6,12.6,0.445,1.8,5.5,0.333,3.5,4.8,0.735,0.7,2.1,2.9,3.5,1.2,0.2,1.6,2.6,35,0.563,0.517,151.3,3.1,9.2,6.1,23.6,9.6,2.3,0.9,26.7,2.7,1.3,116.0,109.1,6.9,331.0,18.6,965.7,G,206,0,0,0,0,0,0,0,28,0,0.311,2.2,0.8,0.4,17,17,0.5,1.8,1.9,3.7,CB GIRONA
4,JEAN MONTERO,VAL,32,23.9,16.5,5.7,12.3,0.466,2.1,5.7,0.368,3.0,3.5,0.856,1.2,2.5,3.7,4.6,1.2,0.1,1.6,1.2,2,0.598,0.551,169.0,5.9,12.1,9.1,31.4,10.2,2.6,0.5,28.2,6.3,1.3,132.8,111.2,21.6,410.4,25.4,765.1,PG,23,1,0,0,0,0,0,0,36,0,0.299,3.0,0.8,0.3,24,8,0.75,4.0,1.3,5.3,VALENCIA BASKET
5,JAMES BATEMON III,FOR,14,26.8,16.2,4.6,10.6,0.432,1.7,4.9,0.348,5.4,6.4,0.843,0.8,2.3,3.1,2.6,0.9,0.1,1.9,2.5,33,0.606,0.514,162.3,3.3,10.9,6.9,19.7,12.2,1.8,0.7,25.7,-0.4,1.5,120.8,117.8,3.0,126.1,18.6,375.2,G,63,0,0,0,0,0,0,0,24,0,0.266,1.4,0.5,0.6,5,9,0.357,1.0,0.3,1.3,RIO BREOGAN
6,AMINE NOUA,GRA,33,29.0,16.1,5.5,12.5,0.437,1.1,4.2,0.268,4.1,4.9,0.822,1.7,4.8,6.5,1.4,1.3,1.0,2.5,2.7,52,0.549,0.482,152.7,7.1,21.7,14.1,9.3,14.6,2.3,3.7,27.3,-5.5,1.3,106.0,111.8,-5.8,327.6,17.4,957.4,F,4,5,0,0,0,0,0,0,27,0,0.244,0.5,0.5,0.4,9,24,0.273,0.1,1.5,1.6,FORCA LLEIDA CE
7,TRAE BELL-HAYNES,ZAR,34,25.8,15.1,4.8,10.2,0.47,1.3,3.6,0.361,4.2,4.9,0.867,0.8,1.6,2.4,4.8,1.4,0.1,2.6,2.5,22,0.612,0.533,169.8,3.9,8.1,6.0,30.9,17.5,2.8,0.5,25.9,2.3,1.5,121.7,118.5,3.2,342.8,20.0,876.4,G,29,1,0,0,0,0,0,0,35,0,0.299,1.8,0.5,0.5,13,21,0.382,2.6,0.6,3.2,CASADEMONT ZARAGOZA
8,MARCELINHO HUERTAS,TEN,34,24.1,15.1,5.6,11.0,0.509,1.0,2.6,0.382,2.8,3.1,0.914,0.6,1.6,2.1,7.1,0.5,0.0,3.1,1.7,10,0.608,0.555,180.6,3.4,8.9,6.3,55.7,19.8,1.1,0.1,32.3,7.3,1.4,120.3,122.0,-1.7,374.1,22.5,820.5,PG,5,5,0,0,0,0,0,0,39,0,0.418,2.3,0.2,0.3,25,9,0.735,2.9,0.2,3.1,LENOVO TENERIFE
9,MARKUS HOWARD,BASK,34,23.5,15.0,4.5,11.6,0.391,3.1,8.1,0.383,2.9,3.5,0.822,0.3,0.9,1.2,1.7,0.9,0.0,1.6,2.7,86,0.573,0.525,159.6,1.6,4.9,3.2,12.9,10.6,2.0,0.1,29.1,-1.7,1.3,113.7,122.2,-8.5,196.0,15.7,800.3,SG,117,0,0,0,0,0,1,0,38,0,0.203,1.1,0.6,0.3,18,16,0.529,1.2,0.2,1.4,BASKONIA
10,KASSIUS ROBERTSON,JOV,31,26.3,14.6,4.6,10.5,0.434,2.4,5.8,0.409,3.1,3.8,0.805,0.5,1.9,2.4,2.7,0.7,0.1,1.7,2.0,64,0.598,0.547,164.8,2.6,8.9,5.8,17.5,12.1,1.5,0.3,25.5,0.4,1.4,118.0,116.8,1.1,247.3,16.9,816.6,G,212,0,0,0,0,0,0,0,29,0,0.237,1.6,0.4,0.4,18,13,0.581,1.7,0.8,2.5,JOVENTUT BADALONA
11,ANTE TOMIC,JOV,34,24.9,14.3,5.6,9.5,0.59,0.0,0.1,0.0,3.1,4.6,0.677,1.6,5.5,7.1,2.6,0.5,0.1,1.5,1.1,6,0.622,0.59,126.7,8.6,27.2,18.2,19.6,11.3,1.0,0.6,25.2,1.0,1.5,124.6,112.0,12.5,419.3,23.8,845.3,C,1,7,0,0,0,0,0,0,24,0,0.268,1.7,0.3,0.5,19,15,0.559,2.8,1.3,4.1,JOVENTUT BADALONA
12,CHARLIE MOORE,BRE,10,31.3,14.3,5.5,12.3,0.447,1.7,4.7,0.362,1.6,2.0,0.8,0.3,1.4,1.7,4.5,1.1,0.0,3.1,2.2,164,0.542,0.516,160.9,1.1,5.8,3.4,29.8,19.0,1.9,0.0,24.3,-0.3,1.2,99.9,114.7,-14.8,70.8,12.5,312.9,PG,87,0,0,0,0,0,0,0,22,0,0.38,1.5,0.4,0.2,3,7,0.3,-0.1,0.2,0.1,DREAMLAND GRAN CANARIA
13,DAE DAE GRANT,BRE,23,25.5,14.2,4.7,11.4,0.416,2.4,6.0,0.406,2.3,2.6,0.867,0.8,2.0,2.8,3.1,0.6,0.1,2.5,2.3,114,0.565,0.523,168.8,4.1,9.2,6.7,22.7,16.5,1.2,0.6,27.8,-1.6,1.2,107.3,120.9,-13.7,162.8,14.3,587.6,G,129,0,0,0,0,0,0,0,26,0,0.272,1.2,0.2,0.2,10,13,0.435,0.2,0.2,0.4,DREAMLAND GRAN CANARIA
14,KEVIN PUNTER,FCB,35,23.0,14.1,4.5,9.3,0.488,2.2,4.8,0.462,2.8,3.1,0.908,0.4,1.4,1.8,2.2,0.9,0.1,1.7,2.0,26,0.663,0.608,185.7,2.3,7.6,5.1,15.9,13.9,2.1,0.4,25.1,-1.1,1.5,124.6,115.6,9.0,277.6,19.4,805.8,SG,196,0,0,0,0,0,0,0,37,0,0.207,1.3,0.5,0.3,21,14,0.6,2.5,0.9,3.4,BARCA
15,MARIO HEZONJA,RMB,33,24.0,13.9,4.8,10.3,0.466,2.0,5.1,0.396,2.2,2.8,0.813,0.8,4.1,4.9,1.3,1.1,0.1,1.5,1.6,30,0.602,0.565,167.6,4.3,18.8,12.2,9.6,11.8,2.4,0.4,25.4,-2.9,1.3,116.7,104.3,12.4,299.6,19.1,791.1,SG,10,3,0,0,0,0,0,0,23,0,0.202,0.8,0.7,0.3,30,3,0.909,1.4,2.1,3.5,REAL MADRID
16,EMIR SULEJMANOVIC,ZAR,31,25.4,13.7,5.5,10.4,0.53,1.3,3.2,0.418,1.4,2.3,0.629,2.4,4.8,7.2,1.3,1.3,0.4,1.4,2.8,15,0.604,0.593,157.7,11.5,24.9,18.0,9.1,11.1,2.7,1.6,22.4,-2.1,1.3,121.7,113.9,7.8,348.0,20.8,786.7,PF,6,4,0,0,0,0,0,0,26,0,0.213,0.9,0.9,0.2,11,20,0.355,1.9,1.0,2.9,CASADEMONT ZARAGOZA
17,CAMERON HUNT,MAN,31,24.6,13.7,4.6,9.5,0.486,1.7,4.3,0.403,2.7,3.1,0.876,0.8,1.2,1.9,2.6,1.0,0.2,1.8,2.5,59,0.631,0.578,176.6,3.7,6.0,4.8,19.2,14.0,2.0,1.0,22.5,-0.1,1.4,123.0,110.8,12.2,243.1,17.2,761.5,F,165,0,0,0,0,0,0,0,30,0,0.244,1.5,0.5,0.3,17,14,0.548,2.0,1.3,3.3,BAXI MANRESA
18,DARRUN HILLIARD,BRE,26,27.7,13.6,4.4,10.6,0.413,2.3,6.8,0.331,2.5,3.1,0.825,0.3,3.0,3.3,3.7,0.7,0.1,2.9,2.8,159,0.567,0.52,157.0,1.4,13.3,7.4,24.4,19.6,1.4,0.3,25.4,-1.8,1.3,103.8,117.5,-13.8,185.5,12.6,719.0,SG,225,0,0,0,0,0,0,0,33,0,0.287,1.3,0.3,0.3,11,15,0.423,-0.2,0.6,0.4,DREAMLAND GRAN CANARIA
19,JILSON BANGO,ZAR,19,20.8,13.4,5.3,8.1,0.66,0.0,0.2,0.0,2.7,4.3,0.634,2.3,3.3,5.5,0.8,0.3,0.5,1.5,2.0,4,0.672,0.66,129.4,13.7,20.1,16.9,7.4,13.3,0.8,2.9,24.3,-4.5,1.7,126.5,115.7,10.8,182.0,24.3,394.8,C,20,2,0,0,0,0,0,0,27,0,0.19,0.6,0.2,0.5,9,10,0.474,1.4,0.4,1.8,CASADEMONT ZARAGOZA
20,BRANDON TAYLOR,LBC,31,26.7,13.3,4.5,9.6,0.468,2.0,4.6,0.427,2.3,2.5,0.909,0.3,1.7,2.0,6.8,1.2,0.0,2.7,2.5,45,0.617,0.57,180.4,1.2,8.2,4.6,43.8,20.0,2.4,0.0,23.0,6.9,1.4,119.1,125.3,-6.3,333.9,17.8,829.1,PG,3,5,0,0,0,0,2,0,23,0,0.374,2.6,0.4,0.3,7,24,0.226,1.9,-0.2,1.7,CB CORUNA
21,CHIMEZIE METU,FCB,20,20.0,13.2,5.2,8.4,0.617,1.1,2.6,0.431,1.8,2.7,0.66,0.9,2.9,3.8,1.0,0.7,0.6,1.6,1.6,7,0.691,0.683,170.9,6.2,17.7,12.3,8.8,14.0,1.7,3.4,26.0,-4.4,1.6,122.9,112.8,10.1,177.1,23.5,400.4,PF,58,0,0,0,0,0,0,0,21,0,0.184,0.6,0.4,0.3,12,8,0.6,1.2,0.5,1.8,BARCA
22,DEVON DOTSON,JOV,35,25.6,13.1,4.7,10.5,0.447,1.1,3.4,0.314,2.7,3.7,0.71,0.6,1.9,2.5,4.3,1.3,0.1,2.1,2.8,66,0.539,0.497,147.1,3.1,9.0,6.1,30.2,14.6,2.7,0.6,26.8,3.3,1.2,110.5,114.0,-3.5,283.1,16.8,897.2,PG,193,0,0,0,0,0,1,0,30,0,0.3,2.1,0.6,0.4,20,15,0.571,0.9,1.2,2.0,JOVENTUT BADALONA
23,DZANAN MUSA,RMB,29,18.9,13.1,3.9,7.8,0.493,1.6,3.6,0.447,3.8,4.6,0.826,0.9,2.1,3.0,1.5,0.7,0.2,1.2,1.1,3,0.665,0.595,176.6,5.9,12.3,9.4,14.6,10.9,1.9,1.1,27.2,-1.0,1.7,132.1,109.2,22.9,248.3,24.8,547.0,SG,182,0,0,0,0,0,0,0,29,0,0.177,1.3,0.5,0.6,25,4,0.862,2.6,1.1,3.7,REAL MADRID
24,CALEB HOMESLEY,GCN,34,19.4,13.1,4.2,9.7,0.43,2.0,5.4,0.368,2.7,3.4,0.816,0.3,1.6,1.9,2.2,0.6,0.1,1.5,1.9,25,0.584,0.532,161.4,2.2,11.0,6.7,20.9,12.0,1.8,0.7,31.8,-0.4,1.3,114.8,118.4,-3.6,221.0,19.4,659.2,SG,143,0,0,0,0,0,0,0,29,0,0.21,1.4,0.4,0.3,19,15,0.559,1.3,0.5,1.8,DREAMLAND GRAN CANARIA
25,SHANNON EVANS,AND,27,24.6,13.0,4.1,9.7,0.424,1.9,5.7,0.34,2.8,3.3,0.844,0.3,2.5,2.9,4.7,1.5,0.1,2.6,2.1,44,0.58,0.523,160.8,1.7,13.4,7.4,31.6,19.1,3.3,0.3,25.6,1.9,1.3,114.3,118.6,-4.3,249.8,18.0,664.4,G,22,2,0,0,0,0,1,0,31,0,0.285,1.8,0.6,0.3,12,15,0.444,1.1,0.5,1.5,MORABANC ANDORRA
26,JABARI PARKER,FCB,36,24.5,12.9,4.8,9.4,0.509,2.1,4.4,0.475,1.2,1.5,0.782,0.8,2.9,3.8,1.3,0.7,0.4,1.4,1.7,54,0.637,0.619,176.5,4.6,14.8,9.9,8.5,12.3,1.4,1.6,22.0,-2.3,1.4,119.8,114.5,5.3,299.9,17.3,881.4,F,108,0,0,0,0,0,0,0,34,0,0.185,0.9,0.5,0.2,22,14,0.611,1.8,1.1,2.9,BARCA
27,TRENT FORREST,BASK,33,27.7,12.8,4.6,9.2,0.495,1.2,2.6,0.447,2.5,3.1,0.812,0.6,2.8,3.4,4.8,1.8,0.3,1.8,1.6,23,0.604,0.557,175.4,2.6,12.7,7.8,28.6,14.9,3.5,1.0,20.8,4.8,1.4,123.2,115.8,7.3,381.9,19.6,915.6,SG,13,2,0,0,0,0,2,0,30,0,0.303,2.6,1.0,0.3,17,16,0.515,2.4,1.0,3.4,BASKONIA
28,CHIMA MONEKE,BASK,33,25.2,12.7,3.7,7.6,0.482,1.2,3.2,0.364,4.2,5.3,0.783,1.5,3.5,5.0,2.3,0.7,0.4,1.8,2.6,37,0.637,0.56,162.9,7.3,17.4,12.3,14.8,15.5,1.6,1.6,21.9,-1.2,1.7,123.8,118.2,5.6,307.6,18.5,830.0,F,37,1,0,0,0,0,0,0,33,0,0.195,1.3,0.4,0.7,18,15,0.545,2.3,0.6,2.9,BASKONIA
29,GIORGI SHERMADINI,TEN,36,21.7,12.6,4.4,5.9,0.741,0.0,0.0,0.0,3.9,4.3,0.904,1.6,3.2,4.8,1.1,0.5,0.4,1.1,1.8,1,0.811,0.741,164.4,11.1,19.9,15.7,9.2,12.5,1.2,2.0,20.6,-1.8,2.1,151.9,116.5,35.4,380.0,26.7,782.9,C,19,2,0,0,0,0,0,0,24,0,0.181,1.0,0.4,0.7,27,9,0.75,5.0,0.8,5.7,LENOVO TENERIFE
30,SAM DEKKER,JOV,27,27.3,12.6,4.4,10.0,0.442,2.3,5.7,0.409,1.4,1.8,0.796,1.2,2.8,4.0,1.2,0.9,0.3,1.3,2.3,100,0.585,0.559,164.7,5.5,12.7,9.2,7.4,10.5,1.8,1.0,21.0,-1.7,1.3,115.2,115.7,-0.5,208.4,14.9,737.9,SF,120,0,0,0,0,0,0,0,30,0,0.184,1.0,0.7,0.2,16,11,0.593,1.0,0.8,1.8,JOVENTUT BADALONA
31,IKE IROEGBU,SJG,33,25.0,12.2,4.0,10.8,0.367,1.1,4.4,0.25,3.2,3.9,0.822,0.6,1.9,2.5,3.3,0.7,0.1,2.1,2.2,182,0.488,0.417,143.9,2.8,9.7,6.1,24.2,14.3,1.4,0.5,26.7,0.4,1.1,101.7,118.5,-16.8,183.6,11.7,823.4,G,99,0,0,0,0,0,0,0,25,0,0.256,1.6,0.3,0.4,12,21,0.364,-0.5,0.6,0.0,CB GRANADA
32,TREY THOMPKINS,LBC,26,20.9,12.2,4.5,8.9,0.5,1.8,4.5,0.41,1.4,1.7,0.818,0.5,3.3,3.8,1.0,0.7,0.2,0.8,1.7,36,0.629,0.603,172.8,3.0,19.7,11.3,8.3,7.4,1.8,1.3,22.7,-0.6,1.4,120.3,123.8,-3.5,211.0,18.6,543.1,PF,123,0,0,0,0,0,0,0,32,0,0.175,1.3,1.0,0.2,5,21,0.192,1.1,0.0,1.1,CB CORUNA
33,TYSON CARTER,UNI,36,21.0,11.9,4.1,9.0,0.458,1.6,4.6,0.355,2.0,2.3,0.89,0.1,1.7,1.8,3.6,0.8,0.2,1.6,2.1,49,0.595,0.549,170.4,0.7,10.4,5.4,27.9,13.6,1.9,1.1,25.2,3.7,1.3,117.4,110.8,6.6,273.5,17.6,757.0,PG,109,0,0,0,0,0,0,0,30,0,0.236,2.2,0.5,0.3,25,11,0.694,1.5,1.3,2.9,UCAM MURCIA CB
34,NICOLAS BRUSSINO,GCN,36,25.5,11.6,3.8,8.8,0.427,1.7,5.0,0.344,2.4,2.9,0.835,0.8,2.8,3.6,2.8,0.9,0.3,1.2,2.4,69,0.578,0.525,160.7,4.1,14.5,9.3,18.1,10.6,1.9,1.2,21.4,2.6,1.3,120.6,116.4,4.2,300.6,16.6,918.8,G,77,0,0,0,0,0,0,0,22,0,0.218,2.3,0.7,0.3,19,17,0.528,2.0,0.9,2.9,DREAMLAND GRAN CANARIA
35,DAVID KRAMER,TEN,35,18.9,11.5,3.6,8.1,0.446,2.3,6.0,0.386,1.9,2.3,0.848,0.5,1.5,2.1,0.7,0.9,0.1,0.6,1.8,21,0.629,0.588,167.9,4.0,11.2,7.7,6.7,6.4,2.6,0.3,26.0,-0.9,1.4,125.1,117.0,8.1,221.1,20.1,660.7,SG,239,0,0,0,0,0,0,0,30,0,0.144,1.1,1.4,0.3,26,9,0.743,2.1,0.6,2.7,LENOVO TENERIFE
36,TIMOTHE LUWAWU-CABARROT,BASK,33,23.6,11.4,3.8,8.4,0.453,1.5,3.9,0.395,2.2,2.7,0.822,0.6,2.2,2.8,1.8,0.6,0.2,1.5,3.3,122,0.594,0.545,167.1,3.4,11.6,7.5,12.8,13.4,1.4,0.9,21.9,-1.2,1.4,116.0,120.7,-4.8,193.8,14.0,780.2,F,59,0,0,0,0,0,0,0,24,0,0.183,1.2,0.4,0.3,17,16,0.515,1.2,0.3,1.5,BASKONIA
37,LUKA BOZIC,FOR,32,22.2,11.4,3.7,7.5,0.496,0.5,1.4,0.333,3.5,4.4,0.794,1.3,2.3,3.5,1.8,0.8,0.2,1.5,1.2,48,0.604,0.527,162.3,6.8,12.8,9.7,15.6,13.7,2.0,0.8,22.6,-1.4,1.5,117.9,114.8,3.1,247.6,17.7,711.0,PG,175,0,0,0,0,0,0,0,23,0,0.199,1.2,0.6,0.6,11,21,0.344,1.4,0.9,2.2,RIO BREOGAN
38,SEKOU DOUMBOUYA,AND,30,19.9,11.3,4.2,8.7,0.485,1.0,2.7,0.375,1.9,2.8,0.682,1.1,3.4,4.5,0.8,0.5,0.3,1.5,2.3,68,0.572,0.542,154.2,7.1,22.7,14.7,7.1,13.4,1.3,1.7,26.4,-5.1,1.3,110.3,120.6,-10.3,188.6,16.7,595.7,F,14,2,0,0,0,0,0,0,30,0,0.164,0.5,0.3,0.3,11,19,0.367,0.5,0.2,0.7,MORABANC ANDORRA
39,YUNIO BARRUETA,LBC,34,25.9,11.3,3.9,10.0,0.387,2.7,7.7,0.346,0.9,1.4,0.612,0.8,2.4,3.2,0.5,0.6,0.1,0.6,2.0,194,0.531,0.521,134.5,3.8,11.8,7.7,3.4,5.0,1.3,0.3,19.8,-0.8,1.1,108.3,127.4,-19.0,187.6,10.8,882.1,G,145,0,0,0,0,0,0,0,20,0,0.145,0.9,1.1,0.1,7,27,0.206,0.3,-0.4,-0.1,CB CORUNA
40,SCOTT BAMFORTH,GRA,26,20.5,11.2,3.6,9.4,0.385,2.2,5.8,0.368,1.8,2.1,0.889,0.3,1.6,1.9,2.1,0.5,0.0,1.5,2.7,142,0.545,0.5,164.3,2.1,10.2,6.0,19.9,12.4,1.2,0.0,26.6,-0.4,1.2,108.5,117.6,-9.1,122.0,13.0,533.7,SG,144,0,0,0,0,0,0,0,24,0,0.207,1.4,0.3,0.2,7,19,0.269,0.3,0.4,0.7,FORCA LLEIDA CE
41,KENDRICK PERRY,UNI,37,21.0,11.2,3.7,7.9,0.464,1.7,3.8,0.451,2.1,2.8,0.767,0.2,1.6,1.9,4.1,1.3,0.0,1.6,2.5,34,0.613,0.573,168.2,1.4,10.1,5.6,31.1,15.3,3.2,0.0,23.5,5.0,1.4,120.5,108.6,11.9,302.1,18.6,777.0,G,27,1,0,0,0,0,0,0,22,0,0.239,2.5,0.8,0.4,25,12,0.676,1.9,1.6,3.5,UCAM MURCIA CB
42,SEMI OJELEYE,VAL,35,21.7,11.2,3.6,8.7,0.413,1.9,5.5,0.354,2.1,2.4,0.881,1.3,1.8,3.1,0.7,0.4,0.2,0.5,1.0,81,0.577,0.525,164.8,7.1,9.3,8.2,4.9,5.3,1.0,0.9,20.6,-0.2,1.3,129.8,115.5,14.3,236.8,15.9,761.1,SF,222,0,0,0,0,0,0,0,24,0,0.124,1.4,0.8,0.3,27,8,0.771,2.3,0.8,3.2,VALENCIA BASKET
43,CHRIS JONES,VAL,26,19.7,11.1,4.3,8.4,0.509,1.4,3.5,0.411,1.2,1.5,0.75,0.8,1.6,2.4,5.6,0.5,0.0,2.3,1.6,20,0.613,0.594,167.0,5.1,8.9,7.1,42.4,20.3,1.4,0.2,25.4,7.0,1.3,125.7,115.3,10.4,241.8,20.2,512.3,G,7,4,0,0,0,0,0,0,19,0,0.277,2.4,0.2,0.2,21,5,0.808,2.0,0.6,2.5,VALENCIA BASKET
44,DYLAN OSETKOWSKI,UNI,33,19.8,10.8,3.7,8.5,0.439,1.5,4.4,0.345,1.8,2.1,0.857,1.1,2.7,3.8,1.0,0.9,0.1,0.9,2.1,62,0.573,0.529,164.1,6.8,18.2,12.3,8.0,8.8,2.4,0.3,23.8,-1.3,1.3,115.2,109.3,5.9,222.5,17.0,654.9,C,140,0,0,0,0,0,0,0,26,0,0.145,1.1,1.0,0.3,22,11,0.667,1.0,1.3,2.2,UCAM MURCIA CB
45,FACUNDO CAMPAZZO,RMB,33,22.6,10.7,3.3,6.8,0.484,1.2,3.3,0.358,2.9,3.4,0.865,0.2,2.0,2.2,4.8,1.5,0.0,2.3,1.9,24,0.645,0.571,170.7,1.4,9.6,5.9,34.8,21.5,3.6,0.1,22.0,4.0,1.6,122.0,105.5,16.5,299.9,19.4,745.3,PG,168,0,0,0,0,0,0,0,21,0,0.267,2.1,0.7,0.5,29,4,0.879,2.0,1.8,3.8,REAL MADRID
46,KAISER GATES,MUR,15,25.6,10.6,3.5,8.7,0.4,2.7,6.6,0.414,0.9,1.3,0.737,1.2,3.0,4.2,0.9,0.7,0.3,0.7,2.2,128,0.575,0.558,155.1,5.5,14.0,9.7,6.0,6.7,1.5,1.1,17.8,-0.2,1.2,120.4,109.5,10.8,108.6,13.8,383.8,SF,115,0,0,0,0,0,0,0,22,0,0.145,1.4,1.1,0.1,8,7,0.533,0.6,0.7,1.4,CB GIRONA
47,SANTIAGO YUSTA,ZAR,34,25.3,10.6,3.7,8.6,0.427,1.2,4.4,0.284,2.0,2.7,0.747,0.8,2.9,3.7,1.8,1.4,0.2,2.1,2.6,173,0.54,0.498,145.8,4.1,14.6,9.3,11.0,17.6,2.8,0.9,21.0,-3.5,1.2,103.8,116.3,-12.4,205.9,11.9,858.6,SF,220,0,0,0,0,0,1,0,22,0,0.17,0.9,0.6,0.3,13,21,0.382,-0.2,0.9,0.7,CASADEMONT ZARAGOZA
48,KAMERON TAYLOR,UNI,35,21.1,10.5,4.0,8.2,0.49,1.1,2.7,0.385,1.4,1.8,0.766,0.8,3.3,4.1,2.4,1.3,0.5,1.7,2.0,43,0.582,0.554,164.1,4.8,20.4,12.4,18.9,15.7,3.3,2.8,23.2,-0.4,1.3,110.4,104.3,6.1,297.3,18.0,736.9,F,26,1,0,0,0,0,0,0,21,0,0.199,1.4,0.8,0.2,23,12,0.657,0.6,1.9,2.5,UCAM MURCIA CB
49,BRUNO FITIPALDO,TEN,32,23.4,10.5,3.1,7.0,0.446,2.0,4.6,0.439,2.2,2.6,0.845,0.3,1.3,1.5,4.3,0.8,0.0,1.8,2.4,73,0.644,0.592,173.1,1.6,7.3,4.6,29.9,18.2,1.9,0.0,21.5,4.8,1.5,124.7,119.9,4.8,240.5,16.5,747.5,PG,83,0,0,0,0,0,0,0,23,0,0.247,2.4,0.4,0.4,23,9,0.719,2.2,0.4,2.6,LENOVO TENERIFE
50,BOJAN DUBLJEVIC,ZAR,26,24.6,10.5,3.7,7.1,0.516,1.3,3.2,0.41,1.9,2.4,0.79,1.6,3.1,4.7,2.1,0.5,0.3,1.8,1.3,82,0.646,0.609,171.6,8.0,16.1,12.0,13.6,17.9,1.0,1.3,18.0,-1.4,1.5,122.2,119.9,2.3,225.0,15.9,638.7,FC,204,0,0,0,0,0,0,0,22,0,0.181,1.2,0.3,0.3,10,16,0.385,1.3,0.3,1.7,CASADEMONT ZARAGOZA
51,MUHAMMAD-ALI ABDUR-RAHKMAN,BBB,34,23.5,10.4,3.4,9.0,0.381,1.6,4.9,0.327,1.9,2.2,0.842,0.5,1.5,2.0,2.1,0.9,0.1,1.4,2.6,185,0.518,0.471,155.1,2.8,8.0,5.3,16.0,12.6,2.0,0.4,23.4,-0.3,1.1,103.6,116.1,-12.4,158.8,11.5,800.2,G,233,0,0,0,0,0,0,0,24,0,0.195,1.4,0.6,0.2,11,23,0.324,-0.2,0.8,0.6,BILBAO BASKET
52,FRAN GUERRA,TEN,22,19.5,10.2,3.7,5.8,0.641,0.0,0.3,0.143,2.7,4.0,0.69,1.5,2.8,4.3,1.7,0.3,0.3,1.5,2.4,16,0.677,0.645,147.3,11.3,20.1,15.8,15.4,17.0,0.9,1.6,23.8,-2.3,1.8,125.1,117.5,7.6,164.4,20.6,429.6,C,200,0,0,0,0,0,0,0,24,0,0.181,1.1,0.2,0.7,17,5,0.773,1.5,0.3,1.8,LENOVO TENERIFE
53,ORIOL PAULI,FOR,33,23.4,10.1,3.6,7.7,0.463,1.2,3.3,0.349,1.8,2.4,0.725,0.6,2.9,3.5,2.8,0.8,0.1,2.0,1.3,129,0.572,0.537,153.6,3.2,15.8,9.3,22.2,18.8,1.9,0.6,21.1,-0.8,1.3,106.1,114.6,-8.5,238.3,13.7,771.7,GF,122,0,0,0,0,0,0,0,26,0,0.229,1.4,0.4,0.3,11,22,0.333,0.1,0.9,1.0,RIO BREOGAN
54,BRANCOU BADIO,VAL,35,20.7,10.0,3.5,7.7,0.456,1.7,4.5,0.373,1.3,1.5,0.852,0.9,1.7,2.6,2.8,0.7,0.1,1.4,2.3,80,0.597,0.565,168.1,5.5,9.1,7.3,19.9,14.5,1.9,0.7,20.8,2.1,1.3,124.2,113.4,10.8,243.8,16.0,725.0,PG,189,0,0,0,0,0,0,0,27,0,0.184,2.0,0.5,0.2,26,9,0.743,1.9,1.0,2.9,VALENCIA BASKET
55,A.J. DURHAM,SJG,34,21.4,9.9,3.2,7.9,0.404,1.0,3.4,0.307,2.6,3.3,0.784,0.4,1.6,2.0,2.3,0.6,0.3,1.4,2.4,146,0.535,0.47,149.5,2.5,9.4,5.8,18.9,12.7,1.6,1.4,22.6,0.7,1.3,109.8,118.2,-8.4,173.6,13.0,727.6,SG,135,0,0,0,0,0,0,0,22,0,0.192,1.7,0.5,0.4,12,22,0.353,0.5,0.5,1.0,CB GRANADA
56,MATT COSTELLO,VAL,36,20.2,9.9,3.9,7.2,0.538,1.1,3.3,0.333,1.0,1.5,0.698,1.8,3.8,5.6,1.6,0.6,1.0,0.6,2.3,13,0.63,0.615,157.0,10.9,21.2,16.2,12.3,6.6,1.6,5.1,18.2,2.6,1.4,139.7,107.6,32.1,365.6,22.2,727.8,C,187,0,0,0,0,0,0,0,21,0,0.16,3.0,1.1,0.2,27,9,0.75,3.0,1.6,4.6,VALENCIA BASKET
57,TADAS SEDEKERSKIS,BASK,28,27.6,9.9,3.9,6.9,0.568,0.8,2.4,0.313,1.4,1.8,0.745,1.5,4.1,5.7,2.5,0.8,0.2,0.8,1.3,55,0.646,0.622,162.6,7.2,18.6,13.0,14.6,8.9,1.5,0.7,14.2,3.4,1.4,136.8,118.9,17.9,302.9,17.3,771.7,SF,36,1,0,0,0,0,0,0,24,0,0.205,3.4,1.0,0.3,15,13,0.536,2.4,0.5,2.9,BASKONIA
58,THOMAS BROPLEH,FOR,33,19.6,9.9,3.4,8.5,0.394,1.6,4.6,0.355,1.5,1.8,0.862,0.5,1.8,2.3,1.2,0.7,0.2,1.5,1.7,174,0.53,0.489,161.1,3.3,11.4,7.2,11.8,14.0,1.9,1.3,25.3,-3.7,1.2,100.6,116.1,-15.5,145.3,11.9,645.4,G,121,0,0,0,0,0,0,0,22,0,0.164,0.8,0.5,0.2,11,22,0.333,-0.5,0.7,0.2,RIO BREOGAN
59,RODIONS KURUCS,MUR,32,25.4,9.8,3.5,7.1,0.489,0.8,2.3,0.324,2.1,2.8,0.764,1.8,4.0,5.8,1.9,1.1,0.3,2.4,3.5,138,0.59,0.542,157.7,8.1,19.6,13.7,13.2,22.4,2.2,1.0,19.6,-4.4,1.4,104.7,104.9,-0.3,234.1,13.2,814.1,SF,8,4,0,0,0,0,0,0,20,0,0.186,0.8,0.4,0.4,17,15,0.531,-0.1,2.1,2.0,CB GIRONA
60,MAXIMO FJELLERUP,SJG,31,20.7,9.8,3.7,7.5,0.487,0.9,2.6,0.363,1.5,1.8,0.839,1.1,3.0,4.1,1.4,1.0,0.0,1.5,2.2,78,0.588,0.549,168.9,6.4,18.4,12.3,12.9,14.8,2.7,0.2,21.7,-2.4,1.3,112.2,113.9,-1.7,208.8,16.1,640.4,G,216,0,0,0,0,0,0,0,21,0,0.179,1.0,0.7,0.2,11,20,0.355,0.6,0.8,1.5,CB GRANADA
61,KYLE KURIC,AND,33,20.5,9.8,3.4,7.8,0.436,1.6,4.5,0.351,1.4,1.7,0.839,0.5,1.3,1.8,0.9,0.6,0.2,0.9,1.4,120,0.573,0.537,162.6,3.3,8.5,5.9,7.5,9.6,1.6,1.3,21.2,-1.4,1.3,117.5,123.6,-6.2,166.8,14.1,675.9,SG,234,0,0,0,0,0,0,0,24,0,0.139,1.0,0.7,0.2,14,19,0.424,1.1,0.0,1.1,MORABANC ANDORRA
62,MELWIN PANTZAR,BBB,34,24.8,9.8,3.0,6.7,0.445,0.7,2.1,0.319,3.1,3.8,0.808,0.7,2.3,2.9,3.8,1.2,0.1,1.3,1.9,63,0.58,0.496,157.3,3.4,11.7,7.5,26.6,13.3,2.7,0.5,18.8,5.1,1.4,121.4,113.3,8.1,290.3,16.9,843.0,PG,91,0,0,0,0,0,1,0,20,0,0.24,2.9,1.0,0.6,11,23,0.324,1.8,1.2,3.0,BILBAO BASKET
63,LUDDE HAKANSON,MUR,33,22.8,9.8,3.2,7.8,0.402,1.7,4.8,0.35,1.8,1.9,0.922,0.2,1.5,1.7,3.2,0.8,0.2,1.3,2.3,126,0.561,0.508,167.4,0.9,8.3,4.6,24.0,12.8,2.0,0.7,20.3,3.7,1.2,114.3,110.3,4.1,206.5,13.8,753.2,PG,126,0,0,0,0,0,0,0,23,0,0.216,2.5,0.7,0.2,17,16,0.515,0.9,1.4,2.3,CB GIRONA
64,GIAN CLAVELL,GRA,20,22.0,9.6,3.1,8.9,0.345,1.3,4.8,0.271,2.2,2.8,0.786,0.4,1.7,2.1,2.0,0.9,0.1,1.5,2.5,205,0.476,0.418,140.1,2.3,10.5,6.2,16.3,12.6,2.0,0.2,24.7,-0.5,1.1,96.9,115.3,-18.4,75.8,9.9,439.9,G,148,0,0,0,0,0,0,0,25,0,0.182,1.4,0.6,0.3,6,14,0.3,-0.5,0.4,-0.1,FORCA LLEIDA CE
65,DARIO BRIZUELA,FCB,35,18.9,9.6,3.3,7.2,0.458,1.3,3.7,0.344,1.7,2.0,0.855,0.4,1.3,1.6,2.8,0.6,0.0,1.5,2.0,83,0.593,0.547,165.7,2.6,8.2,5.6,23.7,15.3,1.7,0.2,23.6,2.1,1.3,117.6,117.2,0.4,200.9,15.8,660.5,SG,198,0,0,0,0,0,0,0,19,0,0.188,1.9,0.4,0.3,20,15,0.571,1.3,0.6,1.9,BARCA
66,ARTEM PUSTOVYI,JOV,35,17.1,9.5,3.4,5.6,0.615,0.0,0.1,0.0,2.7,3.3,0.825,1.5,1.9,3.4,0.5,0.3,1.3,1.1,2.3,9,0.681,0.615,144.0,11.9,13.4,12.7,5.8,14.0,0.8,7.8,23.0,-4.7,1.7,127.5,112.8,14.8,242.0,22.6,600.1,C,69,0,0,0,0,0,0,1,23,0,0.131,0.5,0.2,0.6,20,15,0.571,2.0,0.9,2.9,JOVENTUT BADALONA
67,NIKOS CHOUGKAZ,AND,30,21.6,9.5,3.2,6.7,0.485,1.0,2.3,0.426,2.1,2.5,0.816,1.8,4.0,5.8,1.0,0.7,0.5,0.9,2.5,40,0.61,0.558,172.7,11.1,24.0,17.6,7.2,10.7,1.8,2.4,18.6,-1.3,1.4,127.5,117.9,9.6,251.3,18.3,647.4,F,16,2,0,0,0,0,0,0,25,0,0.136,1.0,0.8,0.4,12,18,0.4,1.8,0.5,2.3,MORABANC ANDORRA
68,RETIN OBASOHAN,MAN,33,19.7,9.5,3.0,7.6,0.389,0.8,2.6,0.326,2.7,3.9,0.69,0.7,1.3,2.0,2.3,1.0,0.0,1.8,3.4,191,0.507,0.444,140.4,4.0,8.8,6.2,20.2,15.8,2.5,0.2,24.6,-1.0,1.2,103.4,109.6,-6.2,127.1,11.2,649.6,PG,67,0,0,0,0,0,0,0,24,0,0.179,1.3,0.6,0.5,17,16,0.515,-0.2,1.2,1.0,BAXI MANRESA
69,JUAN FRANCISCO FERNANDEZ,SJG,28,19.0,9.4,3.3,6.0,0.554,0.1,1.2,0.059,2.7,4.4,0.615,1.3,3.4,4.7,1.0,0.6,0.5,1.3,2.7,56,0.593,0.56,122.7,8.2,22.5,15.1,9.5,13.6,1.6,3.2,22.0,-3.2,1.6,113.7,112.7,1.0,184.5,17.3,532.5,PF,136,0,0,0,0,0,0,0,29,0,0.151,0.8,0.5,0.7,10,18,0.357,0.7,0.8,1.5,CB GRANADA
70,ELIAS VALTONEN,GRA,32,24.3,9.3,3.4,7.0,0.487,1.2,2.9,0.415,1.3,1.8,0.724,1.1,2.6,3.6,1.2,0.7,0.4,1.1,2.7,135,0.599,0.574,162.6,5.3,14.1,9.5,8.7,12.3,1.6,1.9,16.9,-1.2,1.3,117.2,116.1,1.1,202.3,13.4,777.8,SG,192,0,0,0,0,0,0,0,22,0,0.164,1.1,0.7,0.3,9,23,0.281,1.0,0.8,1.8,FORCA LLEIDA CE
71,THIS DE RIDDER,BBB,33,20.7,9.3,3.5,6.9,0.502,0.8,2.1,0.391,1.5,1.9,0.81,1.6,3.2,4.8,0.6,0.6,0.3,0.8,3.0,65,0.6,0.561,170.3,9.4,19.8,14.5,5.3,8.9,1.6,1.6,19.8,-1.9,1.3,120.7,112.3,8.5,217.9,16.8,682.3,PF,185,0,0,0,0,0,0,0,19,0,0.144,0.8,0.8,0.3,11,22,0.333,1.4,1.1,2.4,BILBAO BASKET
72,KAMAR BALDWIN,BASK,19,22.3,9.3,3.8,8.6,0.442,1.0,3.0,0.333,0.7,1.1,0.667,0.4,2.1,2.5,3.1,0.7,0.3,1.8,2.4,171,0.514,0.5,144.2,2.0,11.7,6.9,23.0,16.5,1.8,1.5,22.6,1.3,1.1,103.0,117.8,-14.8,105.9,12.0,423.2,SG,128,0,0,0,0,0,0,0,21,0,0.221,1.7,0.4,0.1,11,8,0.579,-0.2,0.3,0.2,BASKONIA
73,MARCO SPISSU,ZAR,34,22.6,9.3,3.1,6.9,0.446,1.6,4.2,0.387,1.5,1.7,0.881,0.4,1.3,1.7,4.4,1.1,0.0,2.3,2.4,123,0.608,0.564,171.5,2.1,7.6,4.8,29.9,23.4,2.5,0.2,19.6,2.8,1.4,115.3,119.5,-4.3,232.4,13.9,767.9,PG,171,0,0,0,0,0,0,0,21,0,0.233,1.9,0.5,0.3,13,21,0.382,1.1,0.4,1.5,CASADEMONT ZARAGOZA
74,KEYE VAN DER VUURST DE VRIES,FOR,11,18.6,9.2,2.9,6.6,0.438,1.3,3.5,0.359,2.1,2.4,0.885,0.3,1.4,1.6,4.3,0.6,0.0,2.2,2.3,88,0.598,0.534,168.2,1.8,9.1,5.5,43.2,22.1,1.8,0.0,24.6,3.6,1.4,111.3,119.1,-7.8,68.3,15.5,205.1,PG,33,1,0,0,0,0,0,0,17,0,0.262,2.0,0.3,0.4,3,8,0.273,0.3,0.1,0.4,RIO BREOGAN
75,ARTURS KURUCS,BRE,18,24.0,9.1,3.0,6.8,0.443,2.5,5.3,0.469,0.6,0.6,1.0,0.5,1.2,1.7,1.4,1.0,0.1,0.8,2.7,157,0.646,0.627,191.1,2.6,6.1,4.4,9.8,9.9,2.2,0.3,15.3,0.6,1.3,125.7,120.0,5.6,99.9,12.6,432.8,SG,223,0,0,0,0,0,0,0,20,0,0.154,1.8,1.3,0.1,7,11,0.389,0.9,0.2,1.1,DREAMLAND GRAN CANARIA
76,JONATHAN ROUSSELLE,GRA,34,22.7,9.1,2.9,7.3,0.398,1.4,4.0,0.338,1.9,2.4,0.783,0.3,1.6,1.9,3.9,0.6,0.1,1.3,3.1,150,0.541,0.49,151.9,1.6,9.3,5.3,30.2,13.6,1.4,0.4,19.7,5.6,1.2,115.7,118.6,-3.0,199.6,12.8,771.9,PG,47,0,0,0,0,0,0,0,21,0,0.244,2.9,0.5,0.3,9,25,0.265,1.1,0.5,1.6,FORCA LLEIDA CE
77,MIKE TOBEY,GCN,36,20.5,9.1,3.9,6.8,0.574,0.4,1.6,0.259,0.9,1.3,0.689,1.9,3.0,4.9,1.2,0.4,0.7,0.9,2.3,29,0.618,0.605,152.1,12.1,19.4,15.8,10.5,10.5,1.0,4.0,19.4,-0.3,1.3,125.2,115.4,9.9,285.4,19.1,738.3,C,141,0,0,0,0,0,0,0,21,0,0.17,1.4,0.5,0.2,19,17,0.528,1.9,0.8,2.8,DREAMLAND GRAN CANARIA
78,MARTIN GEBEN,SJG,21,16.7,9.0,3.5,5.5,0.643,0.7,1.6,0.424,1.3,1.9,0.7,2.0,3.1,5.1,0.9,0.5,0.1,0.6,2.2,5,0.716,0.704,176.8,14.0,23.2,18.5,9.5,8.3,1.5,0.7,18.4,0.0,1.7,144.0,114.2,29.7,174.8,23.9,351.6,C,164,0,0,0,0,0,0,0,16,0,0.146,1.5,0.8,0.3,10,11,0.476,1.7,0.4,2.1,CB GRANADA
79,RICCARDO VISCONTI,GRA,10,18.4,9.0,2.5,6.6,0.379,1.5,4.9,0.306,2.5,3.0,0.833,1.0,1.7,2.7,0.9,0.9,0.2,1.3,2.2,104,0.568,0.492,151.8,6.6,12.5,9.4,8.6,14.1,2.6,1.2,22.6,-3.8,1.4,114.0,118.6,-4.7,48.0,14.8,183.6,SG,110,0,0,0,0,0,0,0,22,0,0.12,0.7,0.7,0.5,3,7,0.3,0.2,0.1,0.4,FORCA LLEIDA CE
80,TONI NAKIC,BRE,30,24.8,8.9,2.9,6.3,0.466,1.7,3.6,0.463,1.4,1.7,0.82,0.9,2.6,3.5,1.0,0.8,0.1,0.7,2.0,141,0.633,0.598,174.9,4.4,12.8,8.6,6.7,9.1,1.7,0.3,14.6,-0.2,1.4,125.3,118.3,7.0,195.3,13.1,744.2,SG,227,0,0,0,0,0,0,0,20,0,0.14,1.4,1.1,0.3,11,19,0.367,1.4,0.5,1.9,DREAMLAND GRAN CANARIA
81,NIKOS ROGKAVOPOULOS,BASK,32,19.4,8.9,3.1,7.2,0.433,1.5,4.4,0.345,1.1,1.5,0.745,0.8,2.5,3.3,1.1,0.6,0.1,0.7,1.3,94,0.564,0.539,152.3,5.3,16.1,10.8,9.4,7.7,1.6,0.5,20.4,0.4,1.2,118.7,118.7,0.0,194.9,15.3,619.6,SF,160,0,0,0,0,0,0,0,20,0,0.137,1.7,0.9,0.2,17,15,0.531,1.1,0.4,1.5,BASKONIA
82,JOHN SHURNA,GCN,32,22.4,8.8,3.2,6.7,0.477,1.6,3.6,0.431,0.8,1.4,0.614,1.1,1.6,2.6,0.8,0.4,0.3,0.5,1.8,132,0.602,0.593,152.1,6.2,9.2,7.7,5.7,6.4,0.9,1.3,16.9,0.0,1.3,124.1,119.7,4.4,174.0,13.5,717.7,F,74,0,0,0,0,0,0,0,24,0,0.134,1.5,0.8,0.2,16,16,0.5,1.5,0.4,1.8,DREAMLAND GRAN CANARIA
83,JOE THOMASSON,GCN,35,21.3,8.7,3.1,6.4,0.484,0.8,2.3,0.342,1.7,1.9,0.853,0.3,2.1,2.4,1.9,0.7,0.1,1.5,2.2,147,0.594,0.544,167.9,1.6,13.1,7.4,15.1,17.5,1.9,0.8,20.2,-1.3,1.3,109.8,117.0,-7.2,179.3,12.9,744.2,G,229,0,0,0,0,0,1,0,19,0,0.169,1.2,0.5,0.3,18,17,0.514,0.5,0.7,1.1,DREAMLAND GRAN CANARIA
84,JOEL PARRA,FCB,33,21.5,8.5,3.1,5.9,0.52,0.8,2.2,0.366,1.6,1.8,0.897,0.8,3.5,4.2,1.1,1.0,0.2,0.6,1.2,53,0.637,0.587,178.3,4.6,19.9,12.5,8.0,8.7,2.5,0.9,15.9,0.5,1.4,130.5,109.7,20.8,261.5,17.4,707.9,F,154,0,0,0,0,0,0,0,18,0,0.13,1.8,1.6,0.3,20,13,0.606,1.8,1.3,3.2,BARCA
85,SERGIO LLULL,RMB,33,16.8,8.5,2.6,6.5,0.394,1.5,4.5,0.347,1.8,2.2,0.833,0.2,1.4,1.6,2.5,0.4,0.1,1.0,1.1,79,0.567,0.512,157.4,1.6,8.9,5.6,24.9,11.4,1.3,0.4,23.4,4.2,1.3,120.7,111.0,9.7,181.3,16.1,556.0,PG,172,0,0,0,0,0,0,0,19,0,0.169,2.6,0.4,0.3,30,3,0.909,1.3,1.0,2.3,REAL MADRID
86,HARALD FREY,BBB,34,19.6,8.5,2.5,6.0,0.422,1.4,4.0,0.338,2.1,2.3,0.899,0.4,1.5,1.9,3.3,0.7,0.0,1.1,2.4,75,0.605,0.534,165.9,2.4,9.7,6.0,29.9,14.0,2.1,0.2,20.0,5.5,1.4,123.3,115.5,7.8,214.9,16.4,666.4,PG,131,0,0,0,0,0,0,0,19,0,0.207,2.9,0.6,0.4,11,23,0.324,1.7,0.7,2.4,BILBAO BASKET
87,SIMON BIRGANDER,MUR,28,22.0,8.4,3.8,5.8,0.65,0.0,0.0,0.0,0.9,1.2,0.727,1.8,3.6,5.4,1.3,0.4,0.9,1.1,2.2,47,0.665,0.65,137.8,9.3,20.6,14.8,10.6,14.5,1.0,4.1,15.7,-1.0,1.4,125.3,106.0,19.3,237.9,17.7,617.3,FC,11,3,0,0,0,0,0,0,25,0,0.172,1.2,0.4,0.2,16,12,0.571,1.3,1.5,2.8,CB GIRONA
88,EDY TAVARES,RMB,34,21.3,8.4,3.2,4.9,0.663,0.0,0.0,0.0,1.9,2.9,0.66,2.3,4.6,6.9,1.0,0.5,1.4,1.4,2.2,18,0.681,0.663,132.3,13.7,23.6,19.0,8.0,18.6,1.3,7.0,16.5,-3.4,1.7,125.5,101.1,24.4,334.0,20.3,725.0,C,2,5,0,0,0,0,0,0,16,0,0.142,0.7,0.4,0.6,30,4,0.882,1.7,2.2,3.9,REAL MADRID
89,DOMINIK MAVRA,BRE,25,19.9,8.4,2.8,6.3,0.449,0.8,2.8,0.304,1.9,2.7,0.691,0.6,2.0,2.6,3.7,0.7,0.1,1.3,1.5,74,0.559,0.516,144.5,4.0,12.0,8.1,32.5,14.9,2.0,0.5,21.0,5.7,1.3,117.9,118.8,-1.0,179.3,16.4,496.5,SF,45,0,0,0,0,0,0,0,16,0,0.229,2.8,0.5,0.4,11,14,0.44,0.9,0.3,1.3,DREAMLAND GRAN CANARIA
90,KILLIAN TILLIE,UNI,29,12.9,8.4,3.0,5.3,0.565,1.5,2.8,0.537,0.9,1.3,0.676,0.8,1.7,2.4,0.9,0.5,0.2,0.6,1.8,8,0.714,0.708,177.7,7.3,16.3,11.8,11.4,9.6,2.0,2.2,22.8,-0.3,1.6,133.3,107.3,26.0,174.1,23.2,374.6,C,39,1,0,0,0,0,0,0,23,0,0.117,1.4,0.8,0.2,21,8,0.724,1.5,0.8,2.3,UCAM MURCIA CB
91,MARVIN JONES,BBB,32,19.3,8.4,3.1,6.3,0.5,0.3,0.5,0.471,1.9,2.7,0.706,1.1,2.4,3.5,0.5,0.4,0.5,0.9,1.7,111,0.564,0.52,167.6,7.2,15.7,11.4,5.2,11.2,1.1,2.9,20.8,-3.1,1.3,110.2,114.3,-4.1,167.6,14.5,617.5,FC,32,1,0,0,0,0,0,0,22,0,0.13,0.6,0.4,0.4,10,22,0.313,0.4,0.8,1.2,BILBAO BASKET
92,MARIO SAINT-SUPERY,MAN,33,14.7,8.3,2.6,5.5,0.467,0.8,2.2,0.365,2.4,2.7,0.867,0.8,1.4,2.1,2.1,0.8,0.1,1.7,2.2,46,0.62,0.541,169.9,6.0,12.0,8.9,25.3,19.9,2.7,0.7,24.8,-1.8,1.5,116.2,108.0,8.2,169.5,17.8,484.9,G,90,0,0,0,0,0,0,0,20,0,0.158,1.3,0.5,0.5,16,17,0.485,0.9,1.0,1.9,BAXI MANRESA
93,JAKE WILEY,GRA,19,19.0,8.3,3.7,6.3,0.588,0.0,0.2,0.0,0.9,1.4,0.667,1.6,2.1,3.7,1.1,0.9,0.6,1.3,2.6,60,0.604,0.588,125.5,10.3,15.0,12.5,11.2,16.0,2.5,3.2,20.3,-3.2,1.3,111.7,110.1,1.6,117.1,17.2,360.9,F,50,0,0,0,0,0,0,0,17,0,0.172,0.8,0.7,0.2,6,13,0.316,0.4,0.6,1.0,FORCA LLEIDA CE
94,JUSTIN ANDERSON,FCB,33,19.4,8.3,2.8,5.8,0.489,1.1,2.4,0.474,1.5,1.8,0.879,0.7,1.9,2.6,0.7,0.3,0.3,0.7,1.7,116,0.636,0.587,184.3,4.8,12.2,8.6,5.5,9.3,0.7,1.6,17.4,-1.0,1.4,126.5,116.4,10.1,172.5,14.2,639.3,F,149,0,0,0,0,0,0,0,25,0,0.109,1.0,0.4,0.3,19,14,0.576,1.5,0.6,2.1,BARCA
95,ZORAN DRAGIC,BBB,34,21.6,8.3,2.7,7.3,0.368,0.9,4.0,0.215,2.1,2.8,0.745,0.5,2.0,2.5,1.9,0.5,0.0,1.8,1.3,220,0.487,0.427,132.8,2.8,11.7,7.2,15.8,17.2,1.3,0.0,22.7,-2.2,1.1,94.4,116.9,-22.5,128.3,8.7,735.6,SG,230,0,0,0,0,0,0,0,24,0,0.164,1.1,0.3,0.4,11,23,0.324,-1.2,0.7,-0.6,BILBAO BASKET
96,JUANI MARCOS,SJG,28,21.0,8.3,2.8,7.0,0.4,1.4,4.0,0.351,1.3,1.5,0.837,0.6,1.3,1.9,4.3,0.9,0.1,1.8,2.3,131,0.54,0.5,158.9,3.2,7.6,5.3,34.1,18.9,2.2,0.8,20.2,5.0,1.2,111.6,117.7,-6.2,178.1,13.5,588.6,PG,102,0,0,0,0,0,0,0,15,0,0.242,2.4,0.5,0.2,11,17,0.393,0.5,0.5,1.0,CB GRANADA
97,PEP BUSQUETS,SJG,21,16.7,8.2,2.9,6.6,0.442,1.2,4.0,0.301,1.2,1.7,0.743,0.9,2.1,3.0,1.1,0.7,0.0,1.0,2.3,99,0.564,0.533,148.6,6.4,15.5,10.8,11.4,11.5,2.1,0.3,22.2,-1.3,1.3,114.0,115.4,-1.4,102.4,15.0,350.4,F,158,0,0,0,0,0,0,0,21,0,0.133,1.2,0.7,0.3,10,11,0.476,0.4,0.4,0.8,CB GRANADA
98,NATE SESTINA,VAL,35,17.3,8.2,2.8,6.3,0.441,2.1,5.0,0.425,0.5,0.6,0.864,0.6,2.1,2.7,0.5,0.5,0.1,0.6,1.9,117,0.625,0.609,173.0,4.3,14.0,9.3,4.5,8.7,1.5,0.3,18.2,-1.5,1.3,127.5,113.5,14.0,174.3,14.2,605.6,PF,53,0,0,0,0,0,0,0,27,0,0.096,0.9,0.8,0.1,26,9,0.743,1.5,0.8,2.3,VALENCIA BASKET
99,TOMAS SATORANSKY,FCB,36,22.7,8.1,2.8,6.0,0.465,0.8,2.2,0.342,1.8,2.4,0.756,0.6,2.7,3.2,4.4,0.8,0.1,1.8,1.9,110,0.577,0.528,156.3,3.3,14.5,9.1,28.4,20.2,1.7,0.4,18.1,5.0,1.4,117.4,113.6,3.9,280.5,14.5,816.6,PG,56,0,0,0,0,0,0,0,20,0,0.22,2.5,0.4,0.4,22,14,0.611,1.3,1.1,2.5,BARCA
100,WILLY HERNANGOMEZ,FCB,33,16.3,8.0,3.1,5.5,0.56,0.0,0.1,0.0,1.8,3.1,0.598,1.7,3.5,5.2,0.8,0.4,0.3,1.0,1.4,27,0.584,0.56,115.8,13.8,26.1,20.2,8.5,12.7,1.3,2.2,22.5,-2.6,1.5,117.8,111.3,6.5,227.3,19.3,537.5,C,18,2,0,0,0,0,0,0,17,0,0.121,0.8,0.4,0.6,19,14,0.576,1.0,0.9,1.9,BARCA
101,GABRIEL DECK,RMB,19,22.5,8.0,2.8,6.0,0.474,0.7,2.1,0.325,1.6,2.2,0.738,0.7,2.9,3.6,0.9,0.4,0.2,0.7,1.5,161,0.574,0.531,153.7,4.5,13.9,9.7,6.7,8.9,0.9,0.9,16.1,-0.2,1.3,119.4,109.7,9.6,107.5,12.5,428.1,F,166,0,0,0,0,0,0,0,24,0,0.125,1.4,0.5,0.4,15,4,0.789,0.6,0.8,1.4,REAL MADRID
102,KARLIS SILINS,LBC,13,15.0,8.0,2.3,4.5,0.517,0.8,1.9,0.4,2.6,3.5,0.756,0.7,1.8,2.5,0.4,0.3,0.3,0.8,2.8,85,0.668,0.603,167.3,5.7,14.8,10.2,4.1,12.4,1.1,2.6,20.6,-3.8,1.8,124.1,130.8,-6.7,53.9,15.7,194.9,C,210,0,0,0,0,0,0,0,18,0,0.087,0.5,0.4,0.8,2,11,0.154,0.5,-0.2,0.3,CB CORUNA
103,A.J. SLAUGHTER,ZAR,32,18.2,7.9,3.0,7.6,0.391,1.6,4.6,0.345,0.4,0.5,0.813,0.3,0.9,1.2,1.5,0.3,0.0,0.9,1.3,208,0.508,0.496,154.8,1.9,6.4,4.1,12.9,10.7,1.0,0.0,21.5,0.2,1.0,106.9,123.1,-16.2,104.0,9.5,581.1,G,242,0,0,0,0,0,0,0,18,0,0.139,1.6,0.4,0.1,12,20,0.375,0.1,0.0,0.2,CASADEMONT ZARAGOZA
104,JONAH RADEBAUGH,MUR,34,21.6,7.9,2.7,7.6,0.351,1.1,4.1,0.262,1.4,2.0,0.71,0.5,2.3,2.8,2.1,1.6,0.2,1.0,2.5,176,0.463,0.423,132.4,2.9,13.2,7.9,16.1,10.2,3.9,0.9,20.4,1.9,1.0,100.1,104.4,-4.3,177.9,11.9,734.3,G,130,0,0,0,0,0,2,0,24,0,0.162,2.1,1.6,0.3,17,17,0.5,-0.5,1.9,1.4,CB GIRONA
105,VLADIMIR BRODZIANSKY,MUR,17,21.0,7.8,2.5,5.3,0.467,0.9,2.6,0.333,2.0,2.7,0.739,0.9,2.3,3.2,0.6,0.6,0.3,0.9,2.1,152,0.603,0.55,153.9,5.0,14.2,9.4,5.3,12.0,1.5,1.5,16.4,-2.1,1.5,115.4,110.2,5.2,85.5,12.8,357.6,PF,49,0,0,0,0,0,0,0,15,0,0.11,0.7,0.7,0.5,8,9,0.471,0.4,0.6,1.0,CB GIRONA
106,NICOLAS LAPROVITTOLA,FCB,4,20.3,7.8,2.8,6.3,0.44,1.3,3.3,0.385,1.0,1.5,0.667,0.5,1.8,2.3,5.3,0.3,0.0,2.0,2.0,118,0.561,0.54,149.1,3.9,10.4,7.6,39.8,22.4,0.7,0.0,21.0,7.3,1.2,113.2,113.7,-0.5,27.3,14.2,81.2,PG,195,0,0,0,0,0,0,0,22,0,0.254,2.6,0.1,0.2,3,1,0.75,0.2,0.0,0.2,BARCA
107,JAIME FERNANDEZ,TEN,19,15.6,7.7,2.7,6.7,0.398,0.8,3.2,0.267,1.5,1.8,0.829,0.2,1.3,1.5,2.5,0.9,0.0,0.6,2.0,50,0.513,0.461,149.4,2.0,11.2,6.8,26.4,7.1,3.4,0.0,26.1,7.2,1.1,115.9,114.9,1.0,95.6,17.6,296.3,PG,238,0,0,0,0,0,0,0,22,0,0.167,4.3,1.6,0.3,15,4,0.789,0.5,0.4,0.9,LENOVO TENERIFE
107,JAIME FERNANDEZ,TEN,19,15.6,7.7,2.7,6.7,0.398,0.8,3.2,0.267,1.5,1.8,0.829,0.2,1.3,1.5,2.5,0.9,0.0,0.6,2.0,50,0.513,0.461,149.4,2.0,11.2,6.8,26.4,7.1,3.4,0.0,26.1,7.2,1.1,115.9,114.9,1.0,95.6,17.6,296.3,C,238,0,0,0,0,0,0,0,22,0,0.167,4.3,1.6,0.3,15,4,0.789,0.5,0.4,0.9,LENOVO TENERIFE
108,EDO MURIC,FOR,30,18.2,7.7,2.6,6.5,0.4,1.5,4.4,0.338,1.0,1.5,0.705,0.9,1.9,2.8,0.5,0.6,0.2,0.7,2.3,184,0.541,0.515,144.3,5.9,13.0,9.3,4.6,8.5,1.8,1.1,19.5,-1.9,1.2,109.0,114.2,-5.3,121.8,11.7,546.9,F,71,0,0,0,0,0,0,0,23,0,0.108,0.7,1.0,0.2,11,19,0.367,0.2,0.7,0.9,RIO BREOGAN
109,TRYGGVI HLINASON,BBB,26,20.3,7.7,3.2,4.6,0.692,0.0,0.0,0.0,1.3,2.2,0.625,2.4,3.8,6.2,1.2,0.6,1.2,1.2,2.3,17,0.695,0.692,131.7,14.4,23.2,18.7,11.5,18.1,1.6,6.0,16.0,-2.1,1.7,127.5,107.5,20.0,240.5,20.6,527.6,C,133,0,0,0,0,0,0,0,24,0,0.16,1.0,0.5,0.5,9,17,0.346,1.4,1.2,2.5,BILBAO BASKET
110,JOSEP PUERTO,VAL,36,16.3,7.7,2.8,5.1,0.538,1.5,3.3,0.453,0.8,1.1,0.692,0.9,2.0,2.9,0.6,0.5,0.1,0.5,1.1,51,0.691,0.682,168.3,6.4,13.9,10.2,5.5,8.6,1.5,0.7,16.4,-0.7,1.5,138.5,112.8,25.7,214.9,17.5,587.1,G,155,0,0,0,0,0,0,0,17,0,0.097,1.2,0.9,0.2,27,9,0.75,2.0,0.9,2.8,VALENCIA BASKET
111,NATE REUVERS,VAL,30,15.1,7.7,2.8,5.0,0.57,0.6,1.5,0.422,1.4,2.0,0.7,1.6,1.4,3.0,0.3,0.3,0.6,0.9,2.4,58,0.658,0.634,169.3,12.6,10.2,11.4,2.7,12.9,0.9,3.8,19.4,-4.5,1.6,127.4,112.9,14.4,146.0,17.3,452.1,PF,224,0,0,0,0,0,0,0,14,0,0.091,0.3,0.3,0.4,22,8,0.733,1.2,0.7,1.9,VALENCIA BASKET
112,TYSON PEREZ,UNI,31,14.4,7.6,3.1,5.1,0.608,0.2,0.6,0.263,1.3,2.1,0.625,1.9,3.0,4.9,0.7,0.5,0.3,0.9,1.1,11,0.637,0.623,149.6,16.5,27.0,21.7,8.0,12.7,1.9,2.0,21.9,-2.9,1.5,123.6,104.7,18.9,225.5,22.5,446.6,PF,21,2,0,0,0,0,0,0,16,0,0.115,0.8,0.6,0.4,21,10,0.677,1.2,1.1,2.4,UCAM MURCIA CB
113,BEN LAMMERS,AND,30,20.7,7.6,3.1,5.9,0.531,0.0,0.1,0.25,1.3,1.8,0.741,1.6,2.7,4.3,0.8,0.7,1.2,0.5,2.0,57,0.57,0.534,152.2,10.1,16.8,13.5,6.1,7.4,1.7,6.7,16.1,-0.1,1.3,125.0,117.7,7.3,219.8,17.3,620.1,C,30,1,0,0,0,0,0,1,16,0,0.127,1.4,1.3,0.3,12,18,0.4,1.3,0.5,1.8,MORABANC ANDORRA
114,ALEX REYES,MAN,28,18.7,7.6,2.3,6.3,0.364,1.5,4.4,0.347,1.5,1.8,0.84,0.7,2.8,3.5,0.6,0.7,0.0,0.6,1.8,169,0.538,0.486,155.0,4.5,19.3,11.5,5.4,8.3,2.0,0.0,18.1,-1.1,1.2,114.6,109.7,4.9,136.3,12.1,524.1,SF,162,0,0,0,0,0,0,0,15,0,0.097,1.0,1.1,0.3,15,13,0.536,0.5,1.0,1.5,BAXI MANRESA
115,BEKA BURJANADZE,LBC,34,20.9,7.5,2.5,5.4,0.459,0.4,1.2,0.286,2.2,3.2,0.691,1.6,2.9,4.6,1.2,0.5,0.1,1.1,2.3,167,0.553,0.492,143.6,9.7,17.6,13.6,9.0,13.8,1.3,0.3,17.3,-1.3,1.4,113.0,125.7,-12.7,192.5,12.2,711.4,PF,24,1,0,0,0,0,0,0,21,0,0.121,1.1,0.5,0.6,7,27,0.206,0.7,-0.2,0.5,CB CORUNA
116,LUKA SAMANIC,BASK,21,14.6,7.5,2.7,5.6,0.487,0.6,1.8,0.324,1.5,1.9,0.8,0.7,1.7,2.4,1.0,0.2,0.1,0.9,1.0,76,0.587,0.538,161.2,6.2,14.4,10.3,11.1,11.8,0.9,1.0,23.3,-1.5,1.4,116.8,121.2,-4.4,95.5,16.3,307.2,PF,132,0,0,0,0,0,0,0,20,0,0.118,1.1,0.3,0.3,12,9,0.571,0.5,0.1,0.6,BASKONIA
117,JAN VESELY,FCB,15,16.8,7.4,2.5,4.5,0.559,0.2,0.7,0.3,2.1,2.3,0.914,0.8,1.9,2.7,2.1,0.3,0.2,0.8,3.5,61,0.665,0.581,177.3,6.4,14.5,10.6,19.2,12.6,1.1,1.3,17.8,3.4,1.6,136.0,115.7,20.2,81.6,17.0,251.9,PF,34,1,0,0,0,0,0,0,20,0,0.144,2.6,0.4,0.5,10,5,0.667,1.0,0.3,1.2,BARCA
118,SERGI GARCIA,GRA,28,20.2,7.4,2.4,5.8,0.41,1.1,3.4,0.319,1.6,1.9,0.865,0.4,1.4,1.7,3.1,1.5,0.0,1.4,1.2,105,0.563,0.503,159.4,2.1,9.0,5.4,26.8,17.9,3.9,0.0,18.2,3.1,1.3,112.9,113.5,-0.6,176.3,14.8,566.1,PG,146,0,0,0,0,0,0,0,22,0,0.197,2.2,1.1,0.3,7,21,0.25,0.6,0.8,1.3,FORCA LLEIDA CE
119,AARON DOORNEKAMP,TEN,36,22.6,7.4,2.3,5.3,0.439,1.8,4.1,0.423,1.0,1.2,0.86,0.8,3.3,4.0,1.4,1.0,0.3,0.4,2.7,95,0.64,0.606,172.2,4.9,19.7,12.6,9.8,6.7,2.4,1.5,13.8,2.6,1.4,135.4,114.0,21.4,258.1,15.3,814.9,PF,214,0,0,0,0,0,0,0,17,0,0.124,3.5,2.3,0.2,27,9,0.75,2.2,1.1,3.3,LENOVO TENERIFE
120,STAN OKOYE,AND,34,19.0,7.4,2.4,5.4,0.456,1.3,3.3,0.405,1.2,1.4,0.816,0.9,1.9,2.9,0.7,0.5,0.1,0.9,2.4,165,0.617,0.58,167.8,6.4,13.2,9.8,5.6,13.6,1.5,0.7,16.8,-2.6,1.4,120.5,122.2,-1.7,150.1,12.4,644.8,GF,147,0,0,0,0,0,0,0,23,0,0.101,0.7,0.6,0.3,14,20,0.412,1.1,0.1,1.2,MORABANC ANDORRA
121,TYLER KALINOSKI,UNI,36,19.4,7.4,2.5,6.0,0.417,1.3,3.5,0.376,1.1,1.3,0.792,0.8,1.5,2.3,1.8,0.9,0.0,0.5,2.5,133,0.559,0.525,158.4,5.0,10.3,7.6,13.4,7.1,2.5,0.2,16.7,3.4,1.2,122.2,110.1,12.1,188.8,13.4,696.8,G,138,0,0,0,0,0,0,0,19,0,0.13,3.5,1.8,0.2,25,11,0.694,1.3,1.3,2.6,UCAM MURCIA CB
122,GEORGE CONDITT IV,GCN,36,17.0,7.4,3.1,4.4,0.688,0.0,0.1,0.333,1.2,2.0,0.611,1.4,2.6,4.1,1.1,0.7,0.8,0.9,1.9,14,0.691,0.691,163.2,11.1,20.4,15.8,11.9,14.7,2.2,5.4,17.9,-1.0,1.7,130.1,111.8,18.3,266.3,21.5,612.2,PF,41,1,0,0,0,0,0,0,15,0,0.141,1.2,0.7,0.5,19,17,0.528,1.9,1.0,2.9,DREAMLAND GRAN CANARIA
123,DONTA HALL,BASK,35,20.6,7.3,2.7,3.9,0.674,0.0,0.0,0.0,2.0,2.9,0.703,2.0,3.3,5.3,0.7,0.3,1.1,0.5,1.9,32,0.704,0.674,137.7,12.1,20.2,16.2,5.5,9.4,0.9,5.7,13.0,-0.3,1.9,144.6,116.2,28.3,297.4,19.1,721.0,PF,38,1,0,0,0,0,0,1,27,0,0.109,1.3,0.6,0.7,19,16,0.543,2.6,0.7,3.3,BASKONIA
124,GORAN HUSKIC,LBC,31,17.0,7.3,2.8,5.5,0.521,0.1,0.6,0.222,1.5,2.0,0.758,1.5,3.6,5.1,2.8,0.4,0.2,1.3,2.1,42,0.578,0.533,150.1,10.6,26.4,18.3,28.0,17.3,1.3,1.6,20.6,3.0,1.3,117.9,121.8,-3.9,239.3,18.2,527.5,C,12,2,0,0,0,0,0,0,15,0,0.186,2.1,0.3,0.4,7,24,0.226,1.0,0.1,1.1,CB CORUNA
125,DAVID KRAVISH,UNI,31,17.3,7.3,3.1,6.1,0.503,0.4,1.5,0.244,0.8,0.9,0.929,1.1,2.2,3.3,1.6,0.5,0.4,1.0,1.5,97,0.564,0.532,167.6,7.8,16.4,12.0,15.0,13.3,1.4,2.5,19.8,0.4,1.2,113.7,110.9,2.8,180.5,15.2,535.4,PF,221,0,0,0,0,0,0,0,16,0,0.144,1.6,0.5,0.1,20,11,0.645,0.6,0.9,1.5,UCAM MURCIA CB
126,ADAM HANGA,JOV,35,23.6,7.3,2.5,6.3,0.387,1.3,3.9,0.341,1.0,1.8,0.565,0.8,3.2,4.0,2.5,0.8,0.4,1.2,2.7,189,0.509,0.493,129.2,4.3,16.9,10.8,16.2,14.1,1.8,1.7,16.9,2.0,1.1,107.1,112.8,-5.7,214.5,11.3,826.5,SF,35,1,0,0,0,0,0,0,19,0,0.162,2.1,0.7,0.3,20,15,0.571,0.2,1.2,1.4,JOVENTUT BADALONA
127,DEE BOST,FOR,4,21.2,7.3,2.3,8.8,0.257,1.8,6.0,0.292,1.0,1.3,0.8,0.0,1.8,1.8,2.8,0.8,0.0,3.0,3.0,242,0.39,0.357,134.9,0.0,10.4,5.0,24.1,24.4,1.8,0.0,25.5,-5.3,0.8,73.0,114.0,-41.0,2.1,1.1,84.8,G,201,0,0,0,0,0,0,0,11,0,0.189,0.9,0.3,0.1,1,3,0.25,-0.4,0.0,-0.4,RIO BREOGAN
128,JAIME PRADILLA,VAL,36,21.7,7.1,2.9,5.8,0.498,0.6,2.1,0.289,0.8,1.0,0.778,1.9,4.8,6.6,1.6,0.7,0.3,1.2,1.4,102,0.574,0.551,156.5,10.3,24.8,17.8,10.3,16.5,1.6,1.3,14.9,-0.7,1.2,119.6,108.1,11.5,305.0,14.9,781.9,C,226,0,0,0,0,0,0,0,16,0,0.13,1.3,0.5,0.2,27,9,0.75,1.2,1.6,2.8,VALENCIA BASKET
129,PIERRE ORIOLA,FOR,34,18.9,7.1,2.5,5.1,0.486,0.4,1.2,0.341,1.7,2.4,0.738,2.1,2.9,5.0,0.9,0.5,0.1,1.2,2.7,124,0.579,0.526,156.5,13.1,19.8,16.4,9.0,16.1,1.5,0.6,17.6,-2.9,1.4,114.3,114.4,-0.1,194.8,13.9,643.0,PF,9,3,0,0,0,0,0,0,15,0,0.123,0.8,0.5,0.5,11,23,0.324,0.7,0.8,1.5,RIO BREOGAN
130,KENNY HASBROUCK,FOR,30,15.6,7.1,2.3,6.3,0.37,1.6,4.2,0.376,0.8,1.1,0.735,0.2,1.1,1.3,1.8,0.8,0.1,1.4,2.3,198,0.52,0.495,148.2,1.5,8.8,5.0,21.2,17.4,2.8,0.8,24.0,-1.6,1.1,98.1,114.7,-16.5,91.0,10.2,467.0,SG,169,0,0,0,0,0,0,0,17,0,0.148,1.2,0.6,0.2,10,20,0.333,-0.5,0.6,0.0,RIO BREOGAN
131,TOMASZ GIELO,BBB,34,18.8,7.0,2.2,5.5,0.406,1.5,3.9,0.388,1.0,1.2,0.854,0.7,2.4,3.1,0.6,0.4,0.3,0.5,1.5,137,0.583,0.545,164.8,4.6,16.5,10.4,5.7,7.2,1.3,1.5,16.6,-0.3,1.3,119.1,114.5,4.6,172.4,13.3,638.8,PF,184,0,0,0,0,0,0,0,18,0,0.101,1.3,0.9,0.2,11,23,0.324,0.9,0.8,1.7,BILBAO BASKET
132,EMANUEL CATE,MAN,34,17.3,7.0,2.8,4.6,0.615,0.0,0.1,0.0,1.4,1.7,0.797,2.0,2.7,4.7,1.0,0.5,0.5,0.7,1.9,31,0.657,0.615,141.2,13.7,20.3,16.8,10.4,11.2,1.4,2.9,15.2,0.1,1.5,135.6,107.8,27.8,249.9,19.1,589.4,PF,40,1,0,0,0,0,0,0,14,0,0.131,1.5,0.7,0.4,17,17,0.5,1.9,1.3,3.2,BAXI MANRESA
133,ALEKSANDAR ARANITOVIC,BRE,30,20.8,7.0,2.5,6.8,0.368,0.9,2.8,0.337,1.1,1.5,0.711,0.9,3.2,4.1,0.9,1.1,0.1,0.9,2.0,195,0.469,0.436,141.6,5.0,19.2,12.0,7.6,10.4,2.8,0.6,18.7,-1.3,1.0,97.3,112.8,-15.5,143.6,10.5,623.4,G,85,0,0,0,0,0,0,0,17,0,0.123,1.0,1.2,0.2,11,19,0.367,-0.6,0.9,0.3,DREAMLAND GRAN CANARIA
134,CARLOS ALOCEN,GCN,17,18.9,6.9,2.5,5.9,0.416,0.8,2.4,0.317,1.2,1.7,0.724,0.4,2.3,2.6,3.1,1.0,0.1,1.5,1.5,115,0.519,0.48,145.7,2.5,15.9,9.2,26.9,18.0,2.9,0.4,20.9,3.3,1.2,106.7,111.2,-4.5,99.6,14.2,322.1,PG,113,0,0,0,0,0,0,0,13,0,0.188,2.1,0.7,0.3,10,7,0.588,0.1,0.5,0.6,DREAMLAND GRAN CANARIA
135,ANDRES FELIZ,RMB,31,17.9,6.9,2.5,5.1,0.484,0.6,1.9,0.322,1.4,1.8,0.772,0.8,2.0,2.8,2.3,0.9,0.1,1.3,2.1,98,0.59,0.545,157.8,6.0,12.1,9.3,20.4,18.0,2.6,0.4,18.6,1.2,1.4,117.1,108.0,9.1,174.1,15.1,553.6,SG,163,0,0,0,0,0,0,0,20,0,0.155,1.8,0.7,0.4,28,3,0.903,0.9,1.2,2.0,REAL MADRID
136,JORDAN SAKHO,BRE,31,18.5,6.9,2.7,4.6,0.587,0.0,0.0,0.0,1.5,2.2,0.691,1.9,3.2,5.1,0.9,0.6,0.9,1.4,3.0,77,0.622,0.587,127.9,13.0,21.1,17.1,8.8,20.3,1.9,5.5,17.8,-4.4,1.5,113.3,111.3,2.0,201.5,16.2,573.8,C,183,0,0,0,0,0,0,0,17,0,0.129,0.6,0.5,0.5,13,18,0.419,0.6,1.0,1.5,DREAMLAND GRAN CANARIA
137,PHILIP SCRUBB,LBC,30,23.0,6.9,2.4,5.9,0.404,1.0,2.8,0.341,1.1,1.4,0.767,0.6,2.4,3.0,2.0,0.6,0.2,1.2,1.4,211,0.523,0.486,151.3,3.4,12.9,8.2,13.0,15.1,1.3,0.9,15.3,0.6,1.2,105.6,125.9,-20.2,154.1,9.3,690.7,SG,42,0,0,0,0,0,0,0,18,0,0.142,1.7,0.5,0.2,7,23,0.233,0.0,-0.2,-0.2,CB CORUNA
138,BRUNO FERNANDO,RMB,15,15.7,6.9,2.9,4.9,0.603,0.1,0.1,0.5,0.9,1.5,0.609,1.9,3.7,5.6,0.6,0.4,0.7,1.0,2.4,28,0.62,0.61,171.1,14.3,26.5,20.6,6.9,15.3,1.4,5.3,18.9,-3.8,1.4,118.8,99.9,19.0,102.6,19.3,235.6,C,31,1,0,0,0,0,0,0,13,0,0.119,0.6,0.4,0.3,15,0,1.0,0.4,0.8,1.2,REAL MADRID
139,ANDREW ALBICY,GCN,35,24.0,6.9,2.1,4.9,0.441,1.4,3.5,0.387,1.2,1.6,0.75,0.5,1.3,1.8,3.5,1.3,0.0,1.8,1.4,170,0.617,0.582,157.8,2.5,7.2,4.9,22.2,24.5,3.0,0.0,14.9,2.2,1.4,113.5,116.9,-3.5,220.0,12.1,841.1,PG,228,0,0,0,0,0,0,0,16,0,0.189,1.9,0.7,0.3,18,17,0.514,0.8,0.8,1.5,DREAMLAND GRAN CANARIA
140,MINDAUGAS SUSINSKAS,SJG,31,18.1,6.8,2.3,5.2,0.435,1.2,3.1,0.4,1.1,1.2,0.919,0.8,1.4,2.2,0.8,0.5,0.3,1.0,2.6,192,0.598,0.553,175.4,5.4,9.8,7.5,7.9,15.3,1.4,1.9,17.0,-2.6,1.3,113.2,117.9,-4.8,114.4,11.1,560.3,F,177,0,0,0,0,0,0,0,19,0,0.109,0.8,0.5,0.2,12,19,0.387,0.5,0.4,0.9,CB GRANADA
141,NATE WATSON,ZAR,14,12.9,6.8,2.9,4.6,0.631,0.1,0.1,0.5,0.9,1.6,0.522,1.2,0.9,2.1,0.3,0.1,0.6,1.0,2.4,84,0.632,0.638,165.3,11.7,8.7,10.2,4.0,15.7,0.6,5.3,22.3,-6.2,1.5,113.0,125.0,-12.0,46.6,15.8,181.3,C,48,0,0,0,0,0,0,0,14,0,0.102,0.3,0.1,0.4,3,11,0.214,0.2,0.0,0.2,CASADEMONT ZARAGOZA
142,OLLE LUNDQVIST,LBC,25,15.9,6.8,2.6,4.7,0.556,0.4,1.1,0.333,1.2,1.4,0.833,0.9,1.8,2.6,1.2,0.5,0.7,0.8,2.2,71,0.636,0.594,172.2,6.9,13.4,10.2,13.1,13.7,1.7,5.4,17.8,-0.1,1.4,122.4,122.2,0.2,136.8,16.6,398.4,SG,124,0,0,0,0,0,0,0,16,0,0.125,1.5,0.6,0.3,4,21,0.16,0.8,0.1,0.9,CB CORUNA
143,PIERRE PELOS,GCN,36,18.1,6.8,2.5,5.1,0.497,1.0,2.3,0.444,0.7,0.8,0.833,0.9,2.7,3.6,0.8,0.7,0.4,0.7,2.1,90,0.619,0.596,177.5,6.6,19.3,13.0,7.4,10.9,2.1,2.6,16.4,-0.7,1.3,122.2,113.6,8.5,205.5,15.5,652.6,PF,81,0,0,0,0,0,1,0,19,0,0.112,1.2,1.0,0.2,19,17,0.528,1.2,0.9,2.1,DREAMLAND GRAN CANARIA
144,ALBERTO ABALDE,RMB,36,20.1,6.8,2.3,5.0,0.459,1.0,2.4,0.435,1.1,1.4,0.8,0.5,2.1,2.6,1.4,0.6,0.0,0.5,1.2,144,0.599,0.561,169.4,3.4,11.2,7.7,10.9,8.1,1.5,0.0,14.3,2.1,1.3,128.1,109.9,18.2,193.5,13.0,722.0,GF,179,0,0,0,0,0,0,0,16,0,0.122,2.8,1.1,0.3,32,4,0.889,1.5,1.3,2.9,REAL MADRID
145,TIM ABROMAITIS,TEN,36,19.9,6.7,2.4,4.4,0.547,1.3,2.7,0.464,0.6,0.9,0.697,0.7,3.1,3.8,0.5,0.6,0.3,0.2,1.9,87,0.697,0.689,170.8,4.9,21.1,13.4,3.7,3.9,1.8,1.4,12.7,0.6,1.5,142.0,115.1,26.9,226.1,15.6,715.7,PF,203,0,0,0,0,0,0,0,18,0,0.096,2.4,3.3,0.2,27,9,0.75,2.1,0.8,2.9,LENOVO TENERIFE
146,THOMAS SCRUBB,TEN,36,24.1,6.7,2.6,5.6,0.475,0.9,2.6,0.355,0.5,0.8,0.633,1.1,2.3,3.4,0.8,0.7,0.2,0.4,1.3,180,0.568,0.558,146.3,6.6,13.1,10.0,5.2,7.0,1.7,1.0,13.3,0.4,1.2,120.8,118.1,2.7,206.5,11.8,866.8,F,218,0,0,0,0,0,0,0,15,0,0.114,1.8,1.6,0.2,27,9,0.75,1.2,0.7,1.8,LENOVO TENERIFE
147,COREY WALDEN,FOR,33,21.0,6.6,1.9,5.0,0.386,1.1,3.4,0.333,1.6,1.9,0.855,0.5,1.0,1.5,1.7,1.0,0.0,1.0,2.5,203,0.564,0.497,157.4,3.1,6.0,4.5,13.8,14.6,2.4,0.2,14.9,0.7,1.3,113.2,116.8,-3.6,129.0,9.9,694.6,G,167,0,0,0,0,0,0,0,24,0,0.132,1.7,1.0,0.4,11,22,0.333,0.5,0.6,1.2,RIO BREOGAN
148,SERGE IBAKA,RMB,20,13.8,6.6,2.7,5.0,0.54,0.6,1.7,0.364,0.6,1.0,0.6,0.8,2.3,3.1,0.8,0.3,1.1,0.5,1.5,19,0.607,0.6,150.4,7.7,17.6,13.2,10.5,8.4,1.0,7.4,20.4,0.2,1.3,123.9,104.6,19.3,116.8,20.2,275.4,C,186,0,0,0,0,0,0,0,19,0,0.116,1.6,0.5,0.2,17,3,0.85,0.7,0.7,1.4,REAL MADRID
149,MARCIS STEINBERGS,MAN,33,18.0,6.5,2.3,5.0,0.458,1.2,3.1,0.369,0.8,1.2,0.634,0.8,1.6,2.4,0.6,0.4,0.1,0.9,1.6,199,0.587,0.572,146.1,5.3,11.6,8.3,5.5,14.4,1.2,0.7,15.8,-2.9,1.3,111.6,111.7,-0.1,122.9,10.2,593.9,PF,205,0,0,0,0,0,0,0,17,0,0.098,0.6,0.5,0.2,17,16,0.515,0.4,1.0,1.3,BAXI MANRESA
150,MARKO TODOROVIC,MUR,17,14.5,6.5,2.4,5.6,0.432,0.1,1.2,0.1,1.6,2.7,0.587,1.6,2.1,3.8,0.9,0.3,0.1,1.2,3.0,183,0.482,0.442,111.9,13.6,19.0,16.2,12.1,15.4,1.1,0.8,25.9,-4.2,1.2,97.7,110.6,-12.9,54.0,11.7,245.7,C,46,0,0,0,0,0,0,0,18,0,0.116,0.8,0.2,0.5,7,10,0.412,-0.3,0.4,0.1,CB GIRONA
151,TOMAS DIMSA,ZAR,11,16.9,6.4,2.2,5.8,0.375,1.5,4.5,0.327,0.5,0.5,1.0,0.9,0.9,1.8,0.4,0.5,0.1,1.3,1.5,227,0.525,0.5,170.2,6.7,7.2,6.9,3.4,17.4,1.4,0.7,19.7,-6.1,1.1,97.8,127.4,-29.6,25.3,7.6,185.4,SG,43,0,0,0,0,0,0,0,19,0,0.082,0.3,0.4,0.1,2,9,0.182,-0.2,-0.1,-0.3,CASADEMONT ZARAGOZA
152,NIKE SIBANDE,SJG,25,17.5,6.3,2.3,5.9,0.388,0.9,3.2,0.288,0.8,1.2,0.7,0.8,2.0,2.8,0.7,0.6,0.0,0.6,1.4,196,0.493,0.466,137.5,5.4,14.9,10.0,6.9,9.1,1.7,0.2,18.5,-1.1,1.1,103.6,115.5,-11.9,92.3,10.4,437.5,G,62,0,0,0,0,0,0,0,21,0,0.106,1.1,0.9,0.2,9,16,0.36,-0.1,0.4,0.4,CB GRANADA
153,ATOUMANE DIAGNE,LBC,34,13.1,6.3,2.4,3.2,0.745,0.0,0.0,0.0,1.5,2.5,0.581,1.3,2.2,3.5,0.2,0.3,1.1,1.0,3.1,38,0.724,0.745,132.7,11.9,21.1,16.4,2.4,18.7,1.2,9.8,18.7,-6.6,1.9,120.3,119.7,0.6,164.0,18.5,445.3,C,106,0,0,0,0,0,0,0,17,0,0.085,0.2,0.3,0.8,7,27,0.206,0.8,0.2,1.1,CB CORUNA
154,L.J. FIGUEROA,LBC,11,14.0,6.2,2.4,5.0,0.473,0.4,1.2,0.308,1.1,1.5,0.706,0.7,1.9,2.6,0.9,0.8,0.2,0.7,2.4,106,0.544,0.509,148.6,7.0,17.5,12.4,10.8,11.4,3.1,1.5,20.9,-0.9,1.2,110.9,117.7,-6.8,44.1,14.8,154.5,SF,191,0,0,0,0,0,0,0,11,0,0.106,1.3,1.1,0.3,4,7,0.364,0.2,0.1,0.2,CB CORUNA
155,ERIC VILA,BRE,34,18.6,6.2,2.2,6.0,0.374,0.9,3.0,0.291,0.8,1.2,0.7,0.9,1.9,2.9,0.8,0.5,0.1,0.8,1.8,221,0.476,0.448,136.6,6.0,12.9,9.5,7.2,11.3,1.4,0.9,18.5,-1.7,1.0,98.0,118.1,-20.1,111.8,8.7,631.7,F,181,0,0,0,0,0,0,0,21,0,0.108,0.9,0.6,0.2,13,21,0.382,-0.6,0.5,-0.1,DREAMLAND GRAN CANARIA
156,XABIER LOPEZ-AROSTEGUI,VAL,32,14.9,6.2,1.9,4.4,0.433,0.7,1.9,0.367,1.7,2.3,0.736,0.8,2.7,3.5,1.1,0.5,0.0,1.1,1.5,134,0.57,0.511,153.5,6.0,20.5,13.4,10.6,16.9,1.9,0.0,19.0,-2.3,1.4,114.0,109.4,4.6,148.0,13.4,476.9,GF,153,0,0,0,0,0,0,0,18,0,0.089,1.0,0.5,0.5,23,9,0.719,0.5,0.9,1.4,VALENCIA BASKET
157,YANNICK KRAAG,JOV,36,21.2,6.1,2.4,4.9,0.497,0.8,2.2,0.338,0.5,0.6,0.783,1.1,2.6,3.7,0.6,0.6,0.4,0.5,2.4,175,0.592,0.574,161.7,7.0,14.7,11.0,4.2,9.3,1.6,2.0,12.9,-0.8,1.3,120.8,113.8,7.0,184.1,11.9,764.8,F,150,0,0,0,0,0,0,0,18,0,0.099,1.1,1.2,0.1,20,16,0.556,1.0,1.0,2.0,JOVENTUT BADALONA
158,SERGIO DE LARREA,VAL,24,12.5,6.0,2.0,3.9,0.516,0.9,1.8,0.5,1.1,1.4,0.794,0.9,1.5,2.4,2.3,0.5,0.2,1.8,1.9,67,0.672,0.634,181.0,8.4,13.5,11.1,26.7,28.5,2.1,1.7,21.9,-2.1,1.6,116.3,112.1,4.1,116.5,16.8,298.9,F,215,0,0,0,0,0,0,0,15,0,0.125,1.3,0.3,0.4,18,6,0.75,0.5,0.5,1.0,VALENCIA BASKET
159,EDIN ATIC,BRE,26,19.3,6.0,2.2,5.0,0.427,0.9,2.7,0.338,0.8,1.1,0.724,0.8,2.7,3.5,1.6,1.1,0.6,1.3,2.0,149,0.546,0.519,149.0,5.2,17.7,11.4,14.5,18.7,3.0,3.5,16.7,-1.0,1.2,103.8,111.2,-7.5,148.1,12.9,502.3,GF,127,0,0,0,0,0,0,0,15,0,0.137,1.3,0.8,0.2,10,16,0.385,-0.1,0.8,0.8,DREAMLAND GRAN CANARIA
160,DRAGAN APIC,BRE,34,15.6,6.0,2.2,4.0,0.548,0.0,0.0,1.0,1.6,2.4,0.675,1.0,1.9,3.0,0.7,0.4,0.3,1.1,2.5,151,0.598,0.552,222.3,8.1,15.4,11.7,8.2,17.3,1.5,2.0,18.4,-3.8,1.5,110.3,116.3,-6.0,127.1,12.8,530.0,C,178,0,0,0,0,0,0,0,13,0,0.104,0.7,0.4,0.6,13,21,0.382,0.3,0.5,0.9,DREAMLAND GRAN CANARIA
161,ANDREJS GRAZULIS,JOV,11,23.4,6.0,2.3,5.0,0.455,0.7,2.7,0.267,0.7,0.9,0.8,1.5,2.5,4.0,0.8,0.5,1.0,1.6,2.5,217,0.556,0.527,152.1,8.3,13.5,11.0,5.5,23.3,1.1,4.4,14.5,-4.8,1.2,98.5,114.5,-15.9,51.5,8.9,257.7,FC,86,0,0,0,0,0,0,0,11,0,0.105,0.5,0.3,0.2,6,5,0.545,-0.2,0.3,0.1,JOVENTUT BADALONA
162,RUBEN DOMINGUEZ,BBB,29,13.7,6.0,1.9,5.2,0.362,1.3,3.3,0.402,0.9,1.0,0.862,0.4,1.1,1.5,0.5,0.3,0.1,0.3,1.0,166,0.528,0.49,162.6,3.4,10.4,6.8,6.3,4.6,1.4,0.5,20.8,0.3,1.1,111.6,117.5,-5.9,88.1,12.3,398.5,SG,235,0,0,0,0,0,0,0,35,0,0.084,1.8,1.3,0.2,9,20,0.31,0.3,0.3,0.7,BILBAO BASKET
163,DANI PEREZ,MAN,34,20.0,5.9,2.1,6.6,0.327,0.9,3.7,0.252,0.7,1.2,0.6,0.4,1.4,1.9,4.6,0.8,0.0,1.7,2.4,222,0.42,0.399,117.9,2.6,9.2,5.7,36.3,19.2,2.1,0.0,19.1,6.6,0.9,99.1,110.6,-11.5,155.3,8.5,678.8,PG,159,0,0,0,0,0,0,0,22,0,0.228,2.7,0.5,0.2,17,17,0.5,-0.6,1.2,0.6,BAXI MANRESA
164,HOWARD SANT-ROOS,MUR,27,21.9,5.9,2.0,6.0,0.335,0.6,2.7,0.216,1.3,1.6,0.795,0.5,3.1,3.6,2.4,1.1,0.2,1.1,1.5,201,0.441,0.385,134.7,2.6,17.3,9.8,17.7,14.3,2.8,0.9,16.5,2.3,1.0,96.5,103.4,-6.9,149.0,10.1,590.9,SF,93,0,0,0,0,0,0,0,14,0,0.153,2.2,1.0,0.3,15,12,0.556,-0.6,1.6,1.0,CB GIRONA
165,DAME SARR,FCB,12,12.7,5.8,2.1,4.0,0.521,0.8,1.8,0.429,0.8,1.5,0.556,0.6,1.1,1.7,0.7,0.2,0.3,0.8,1.5,145,0.617,0.615,150.5,6.2,10.8,8.6,7.3,15.2,0.7,2.2,19.7,-3.0,1.4,114.0,116.8,-2.8,37.0,13.0,153.0,F,240,0,0,0,0,0,0,0,21,0,0.079,0.8,0.2,0.4,8,4,0.667,0.2,0.1,0.3,BARCA
166,NEMANJA RADOVIC,MUR,29,11.1,5.7,2.3,4.3,0.54,0.4,0.8,0.5,0.6,0.9,0.72,0.9,1.2,2.1,0.2,0.1,0.1,0.9,1.5,121,0.602,0.583,176.0,9.5,13.4,11.4,4.3,16.0,0.7,1.0,23.6,-6.7,1.3,106.7,112.0,-5.3,78.6,14.1,321.3,PF,95,0,0,0,0,0,0,0,26,0,0.088,0.3,0.2,0.2,15,14,0.517,0.1,0.5,0.6,CB GIRONA
167,NIHAD DJEDOVIC,UNI,22,14.5,5.7,1.7,4.2,0.413,0.5,2.1,0.255,1.7,2.0,0.822,0.4,1.4,1.8,1.3,0.5,0.0,0.7,1.3,163,0.559,0.478,149.1,3.5,12.5,7.9,12.9,12.5,2.0,0.4,18.4,0.8,1.4,113.8,109.6,4.3,81.9,12.5,318.4,SG,137,0,0,0,0,0,0,0,11,0,0.093,1.8,0.8,0.5,14,8,0.636,0.3,0.6,0.9,UCAM MURCIA CB
168,RAFAEL VILLAR,FOR,34,19.0,5.7,1.7,4.2,0.415,0.2,1.4,0.17,2.0,2.5,0.798,0.6,1.7,2.4,2.9,1.2,0.4,1.4,2.4,154,0.539,0.444,138.3,4.1,11.6,7.7,25.3,20.8,3.3,2.2,16.0,2.7,1.4,109.1,112.2,-3.1,183.3,12.7,646.4,PG,125,0,0,0,0,0,0,0,13,0,0.166,2.1,0.9,0.6,11,23,0.324,0.3,1.0,1.3,RIO BREOGAN
169,KRISTIAN KULLAMAE,BBB,24,15.0,5.6,2.2,6.2,0.356,0.7,2.8,0.258,0.5,0.8,0.632,0.1,1.5,1.5,2.0,0.3,0.1,0.9,1.4,226,0.429,0.413,124.5,0.7,12.4,6.4,24.2,12.3,1.1,0.6,24.2,2.7,0.9,90.5,117.6,-27.1,61.4,7.8,360.7,SG,89,0,0,0,0,0,0,0,18,0,0.148,2.1,0.3,0.1,6,18,0.25,-0.9,0.3,-0.6,BILBAO BASKET
170,INGUS JAKOVICS,LBC,32,15.1,5.6,1.7,5.2,0.317,1.2,4.1,0.292,1.1,1.5,0.75,0.2,0.8,1.0,2.2,0.5,0.0,1.3,2.3,232,0.478,0.431,136.0,1.3,6.7,4.0,22.5,18.6,1.6,0.0,21.9,0.7,1.1,96.0,126.9,-31.0,67.3,6.8,483.5,PG,104,0,0,0,0,0,0,0,18,0,0.126,1.6,0.3,0.3,7,25,0.219,-0.7,-0.2,-0.9,CB CORUNA
171,ALEIX FONT,LBC,29,13.4,5.6,2.1,4.7,0.456,0.9,2.4,0.357,0.5,0.7,0.737,0.6,0.7,1.2,0.7,0.4,0.0,0.7,2.3,204,0.565,0.548,155.0,4.9,6.4,5.6,8.7,11.6,1.5,0.0,19.1,-1.4,1.2,108.4,127.7,-19.3,62.9,9.9,389.5,SG,60,0,0,0,0,0,0,0,13,0,0.094,1.1,0.6,0.1,7,22,0.241,0.1,-0.2,-0.1,CB CORUNA
172,YOUSSOUPHA FALL,FCB,33,13.6,5.6,2.3,3.7,0.618,0.0,0.0,0.0,1.0,1.5,0.673,1.6,2.6,4.2,0.2,0.2,0.4,0.9,1.8,72,0.64,0.618,129.1,16.2,23.5,20.0,2.1,17.2,0.8,3.1,18.2,-5.7,1.5,119.1,112.4,6.7,158.1,16.5,448.4,C,15,2,0,0,0,0,0,0,13,0,0.076,0.2,0.2,0.4,19,14,0.576,0.8,0.7,1.5,BARCA
173,YVES PONS,SJG,16,19.0,5.5,2.0,5.3,0.381,1.2,3.8,0.317,0.3,0.4,0.714,0.8,1.9,2.7,0.5,0.4,0.4,1.1,1.6,229,0.505,0.494,141.2,4.9,12.5,8.5,4.6,17.1,1.2,2.2,15.7,-4.1,1.0,93.9,118.2,-24.3,48.4,7.2,304.6,GF,217,0,0,0,0,0,0,0,12,0,0.092,0.4,0.4,0.1,5,11,0.313,-0.4,0.2,-0.1,CB GRANADA
174,FERRAN BASSAS,AND,26,15.0,5.5,1.9,4.3,0.442,1.2,3.1,0.4,0.4,0.5,0.833,0.2,0.9,1.1,3.7,0.5,0.0,1.7,1.4,143,0.6,0.584,167.6,1.6,7.5,4.6,37.5,26.7,1.6,0.0,19.0,5.2,1.3,114.2,123.9,-9.7,121.0,13.0,389.5,PG,84,0,0,0,0,0,0,0,21,0,0.178,2.2,0.3,0.1,12,14,0.462,0.5,0.0,0.5,MORABANC ANDORRA
175,USMAN GARUBA,RMB,26,14.2,5.4,2.0,4.1,0.5,0.3,1.2,0.25,1.0,1.5,0.692,1.3,2.2,3.5,0.5,0.7,0.5,0.7,2.0,70,0.572,0.538,144.2,12.0,16.8,14.6,5.8,12.1,2.6,3.9,17.6,-2.3,1.3,118.3,102.9,15.4,126.1,16.6,370.5,C,176,0,0,0,0,0,0,0,18,0,0.084,0.8,1.1,0.4,23,3,0.885,0.6,1.0,1.6,REAL MADRID
176,BODIAN MASSA,MAN,28,17.4,5.4,2.0,4.1,0.491,0.0,0.0,0.0,1.3,2.1,0.617,1.9,3.6,5.5,1.1,0.6,0.3,1.6,3.0,187,0.53,0.491,110.8,12.8,27.9,19.9,9.7,23.6,1.9,1.8,16.8,-4.7,1.3,101.1,107.2,-6.1,139.8,11.4,487.2,C,208,0,0,0,0,0,0,0,12,0,0.104,0.7,0.4,0.5,14,14,0.5,-0.3,1.1,0.8,BAXI MANRESA
177,ALEX ABRINES,FCB,34,17.2,5.4,1.6,3.9,0.42,1.1,3.0,0.379,1.0,1.1,0.944,0.6,1.6,2.2,0.8,0.6,0.2,0.4,2.3,177,0.623,0.569,174.3,4.8,11.4,8.2,6.4,7.6,1.7,1.3,12.7,0.9,1.4,132.3,114.8,17.5,133.3,11.8,583.2,GF,152,0,0,0,0,0,0,0,20,0,0.074,2.2,1.6,0.3,20,14,0.588,1.3,0.7,2.0,BARCA
178,TROY CAUPAIN,MUR,16,13.5,5.3,1.9,5.2,0.361,1.0,3.5,0.286,0.6,0.8,0.692,0.2,1.0,1.2,1.2,0.6,0.0,1.1,1.4,223,0.479,0.458,133.9,1.6,9.5,5.4,15.4,16.1,2.5,0.0,22.8,-2.0,1.0,91.6,112.3,-20.6,33.4,8.4,216.5,G,207,0,0,0,0,0,0,0,17,0,0.106,1.1,0.6,0.2,6,10,0.375,-0.4,0.3,-0.1,CB GIRONA
179,BOUBACAR TOURE,BRE,13,12.1,5.3,2.0,3.4,0.591,0.0,0.0,0.0,1.3,2.3,0.567,1.2,1.9,3.1,0.4,0.2,0.6,0.9,2.0,91,0.603,0.591,115.8,11.3,19.0,15.2,5.9,17.3,1.0,5.8,20.3,-5.4,1.6,109.9,115.1,-5.2,49.5,15.4,157.8,C,94,0,0,0,0,0,0,0,14,0,0.085,0.4,0.3,0.7,4,9,0.308,0.1,0.2,0.3,DREAMLAND GRAN CANARIA
180,JAMES NNAJI,SJG,14,16.2,5.3,2.0,2.6,0.757,0.0,0.0,0.0,1.3,2.6,0.486,1.6,2.5,4.1,0.0,0.6,0.8,1.1,1.8,103,0.694,0.757,124.3,12.0,20.0,15.9,0.0,23.1,1.9,4.8,14.3,-7.0,2.0,111.7,112.4,-0.7,71.1,14.9,227.0,C,17,2,0,0,0,0,0,0,15,0,0.076,0.0,0.5,1.0,4,10,0.286,0.2,0.3,0.5,CB GRANADA
181,ZIGA SAMAR,GCN,18,14.6,5.3,1.9,4.8,0.395,0.8,1.9,0.4,0.7,0.8,0.929,1.1,1.2,2.3,1.4,1.2,0.1,1.2,2.7,160,0.515,0.477,172.4,10.5,10.4,10.4,15.4,19.3,4.4,0.4,21.1,-2.1,1.1,103.2,115.1,-11.9,62.0,12.5,262.8,PG,101,0,0,0,0,0,0,0,11,0,0.109,1.1,1.0,0.2,9,9,0.5,-0.1,0.3,0.2,DREAMLAND GRAN CANARIA
182,GIORGI BEZHANISHVILI,GRA,12,17.9,5.3,2.3,3.7,0.614,0.0,0.1,0.0,0.8,1.4,0.529,1.5,1.8,3.3,0.4,0.6,0.3,0.9,3.3,193,0.612,0.614,114.3,9.9,12.9,11.3,4.0,17.6,1.8,1.6,13.1,-3.6,1.4,114.2,118.3,-4.2,41.9,11.1,214.2,PF,51,0,0,0,0,0,0,0,14,0,0.093,0.5,0.6,0.4,3,9,0.25,0.2,0.2,0.3,FORCA LLEIDA CE
183,MIQUEL SALVO,GCN,36,13.7,5.1,1.6,3.4,0.48,0.4,1.3,0.311,1.4,1.8,0.813,0.3,1.5,1.8,0.7,0.3,0.1,0.6,1.0,156,0.609,0.537,160.3,2.4,14.6,8.6,8.1,12.7,1.2,0.7,17.0,-1.1,1.5,117.8,118.3,-0.4,117.0,12.6,494.9,F,111,0,0,0,0,0,0,0,16,0,0.078,1.1,0.5,0.5,19,17,0.528,0.7,0.4,1.0,DREAMLAND GRAN CANARIA
184,HUGO GONZALEZ,RMB,31,14.4,5.1,1.7,4.0,0.432,0.5,1.7,0.264,1.2,1.5,0.783,0.7,1.6,2.4,0.9,0.5,0.4,0.8,2.4,178,0.544,0.488,147.9,6.4,12.4,9.7,9.5,14.2,1.8,2.8,17.7,-1.4,1.3,111.4,106.0,5.4,100.8,11.8,447.1,F,209,0,0,0,0,0,0,0,14,0,0.086,1.1,0.6,0.4,28,3,0.903,0.3,1.1,1.4,REAL MADRID
185,JUAN NUNEZ,FCB,20,17.1,5.1,2.0,4.9,0.412,0.5,2.0,0.225,0.6,0.8,0.75,0.4,2.8,3.1,3.4,0.9,0.1,1.4,2.0,162,0.485,0.459,138.7,2.7,19.7,11.6,29.9,20.6,2.6,0.3,18.0,5.3,1.0,104.7,110.6,-5.9,110.0,12.5,341.0,PG,112,0,0,0,0,0,0,0,11,0,0.17,2.5,0.6,0.2,11,9,0.55,0.0,0.6,0.6,BARCA
186,AUGUSTO LIMA,LBC,16,14.6,5.0,2.0,3.6,0.552,0.0,0.0,0.0,1.0,1.6,0.64,1.4,2.9,4.4,1.4,0.6,0.4,1.1,1.8,89,0.58,0.552,119.2,12.9,26.1,19.5,16.0,20.7,2.1,3.1,17.0,-1.1,1.4,112.3,120.0,-7.7,91.4,15.5,233.2,PF,142,0,0,0,0,0,0,0,12,0,0.112,1.3,0.5,0.4,3,13,0.188,0.2,0.1,0.3,CB CORUNA
187,MIGUEL GONZALEZ,ZAR,34,18.7,4.9,1.8,3.6,0.496,0.9,2.2,0.432,0.5,0.6,0.842,1.1,2.3,3.4,0.9,0.7,0.1,0.7,1.9,181,0.649,0.628,177.0,7.5,15.9,11.6,7.2,15.6,1.9,0.7,10.8,-0.4,1.4,127.9,118.1,9.8,169.1,11.7,635.1,GF,174,0,0,0,0,0,0,0,18,0,0.084,1.3,1.0,0.2,13,21,0.382,1.1,0.5,1.5,CASADEMONT ZARAGOZA
188,AUGUSTIN UBAL,GRA,30,14.4,4.9,1.6,3.9,0.398,0.2,1.1,0.188,1.6,2.0,0.814,0.8,1.8,2.6,0.7,0.9,0.2,1.0,1.7,179,0.514,0.424,139.9,7.2,16.5,11.6,8.3,17.7,3.3,1.7,18.7,-3.9,1.3,100.6,111.8,-11.2,100.6,11.8,432.0,G,54,0,0,0,0,0,0,0,13,0,0.082,0.7,0.9,0.5,9,21,0.3,-0.3,0.7,0.4,FORCA LLEIDA CE
189,DEREK COOKE JR.,FOR,10,18.7,4.9,2.2,3.4,0.647,0.0,0.0,0.0,0.5,1.3,0.385,2.2,3.4,5.6,0.9,0.8,0.2,0.7,2.6,108,0.617,0.647,103.2,14.2,24.2,18.9,8.3,15.0,2.2,1.2,11.3,-0.5,1.4,124.1,109.0,15.1,65.1,14.6,186.6,,75,0,0,0,0,0,0,0,7,0,0.108,1.3,1.1,0.4,3,7,0.3,0.3,0.3,0.7,RIO BREOGAN
190,XAVIER RATHAN-MAYES,RMB,27,13.5,4.9,1.7,4.5,0.377,0.7,2.6,0.286,0.7,1.1,0.655,0.2,0.9,1.1,1.4,0.4,0.1,1.0,1.4,224,0.486,0.459,131.8,2.2,6.9,4.7,16.1,16.2,1.6,0.8,20.7,-0.4,1.1,98.4,112.5,-14.0,57.4,8.3,365.8,SG,161,0,0,0,0,0,0,0,16,0,0.101,1.4,0.4,0.2,23,4,0.852,-0.4,0.6,0.2,REAL MADRID
191,OLEK BALCEROWSKI,UNI,31,11.7,4.8,1.7,2.6,0.65,0.1,0.3,0.4,1.3,2.0,0.661,0.6,1.2,1.7,0.6,0.3,0.5,0.5,2.5,101,0.694,0.675,171.1,6.2,12.8,9.5,7.6,13.0,1.3,5.0,15.6,-1.1,1.9,130.1,108.2,21.9,98.3,14.9,362.9,C,70,0,0,0,0,0,0,0,16,0,0.07,1.1,0.6,0.8,23,8,0.742,0.9,0.8,1.7,UCAM MURCIA CB
192,YANKUBA SIMA,UNI,29,15.7,4.8,2.1,4.0,0.53,0.0,0.1,0.333,0.5,1.0,0.483,0.7,2.1,2.8,0.8,0.2,0.3,0.7,2.4,214,0.536,0.534,134.6,5.7,17.6,11.5,7.4,13.9,0.8,2.3,15.1,-1.4,1.2,104.4,112.2,-7.8,89.1,9.1,454.0,C,190,0,0,0,0,0,0,0,12,0,0.09,1.0,0.3,0.2,18,11,0.621,0.0,0.7,0.7,UCAM MURCIA CB
193,MELVIN EJIM,UNI,29,14.0,4.7,1.7,4.3,0.392,0.3,1.2,0.265,1.0,1.3,0.789,0.7,1.4,2.1,0.9,0.6,0.4,0.9,2.1,212,0.483,0.428,144.6,6.1,12.9,9.4,9.0,15.0,2.2,3.1,18.7,-2.0,1.1,98.1,109.2,-11.1,77.3,9.3,405.3,SF,188,0,0,0,0,0,0,0,13,0,0.078,1.0,0.7,0.3,20,9,0.69,-0.4,0.8,0.4,UCAM MURCIA CB
194,FELIPE DOS ANJOS,AND,34,13.9,4.7,2.1,2.9,0.742,0.0,0.0,0.0,0.4,1.1,0.417,1.2,1.8,3.0,0.1,0.3,0.5,0.6,1.6,93,0.705,0.742,115.9,11.2,16.6,13.9,1.4,14.4,1.2,4.2,12.8,-3.4,1.6,128.5,120.1,8.4,146.5,15.4,473.6,C,28,1,0,0,0,0,0,0,15,0,0.072,0.2,0.6,0.4,14,20,0.412,0.9,0.2,1.2,MORABANC ANDORRA
195,JOAN SASTRE,TEN,30,17.6,4.7,1.7,3.5,0.481,0.7,2.0,0.344,0.6,0.8,0.739,0.3,1.8,2.1,0.9,0.7,0.1,0.4,1.4,186,0.603,0.58,156.5,2.8,13.9,8.5,8.0,8.7,2.3,0.4,12.2,1.5,1.3,124.0,117.3,6.7,120.9,11.4,527.6,SF,61,0,0,0,0,0,0,0,14,0,0.086,2.5,1.9,0.2,23,7,0.767,0.8,0.5,1.2,LENOVO TENERIFE
196,PAYTON WILLIS,TEN,5,12.9,4.6,1.6,5.2,0.308,0.8,2.6,0.308,0.6,0.8,0.75,0.0,0.4,0.4,0.2,0.2,0.2,0.2,1.2,238,0.414,0.385,136.5,0.0,4.9,2.4,2.6,3.5,0.9,1.9,22.7,-0.5,0.9,88.1,119.7,-31.6,2.5,5.1,64.5,SG,68,0,0,0,0,0,0,0,10,0,0.063,1.0,1.0,0.2,4,1,0.8,-0.1,0.0,-0.1,LENOVO TENERIFE
197,JOHNNY HAMILTON,FOR,10,10.8,4.5,1.7,2.7,0.63,0.0,0.0,0.0,1.1,1.4,0.786,0.5,2.1,2.6,0.1,0.1,0.4,0.8,1.6,125,0.679,0.63,141.5,5.6,24.2,14.8,1.8,19.4,0.5,4.1,17.8,-6.9,1.7,111.8,116.4,-4.7,30.3,13.9,107.9,C,231,0,0,0,0,0,0,0,11,0,0.066,0.1,0.1,0.5,3,7,0.3,0.1,0.1,0.2,RIO BREOGAN
198,ALBERTO DIAZ,UNI,32,17.3,4.4,1.4,3.4,0.413,0.9,2.4,0.359,0.8,1.0,0.774,0.7,1.5,2.2,3.5,0.8,0.1,0.7,1.2,109,0.579,0.541,154.6,4.7,11.2,7.9,28.5,15.2,2.5,0.4,12.0,9.3,1.3,131.9,109.7,22.2,204.1,14.5,554.8,PG,64,0,0,0,0,0,0,0,13,0,0.153,5.1,1.2,0.3,21,11,0.656,1.4,1.0,2.5,UCAM MURCIA CB
199,YOANKI MENSIA,ZAR,30,14.9,4.4,1.5,3.9,0.397,0.1,0.7,0.182,1.2,1.8,0.636,1.4,2.0,3.4,0.9,1.0,0.1,0.6,1.9,158,0.467,0.414,121.5,11.8,17.3,14.5,8.5,11.4,3.5,1.0,15.8,-0.1,1.1,109.1,114.3,-5.2,123.1,12.6,445.9,SF,173,0,0,0,0,0,0,0,13,0,0.075,1.4,1.7,0.5,11,19,0.367,0.2,0.6,0.7,CASADEMONT ZARAGOZA
200,KOSTAS ANTETOKOUNMPO,MUR,14,12.3,4.4,1.8,2.4,0.735,0.0,0.1,0.0,0.8,2.6,0.306,1.5,2.0,3.5,1.0,0.2,0.8,1.1,2.5,92,0.612,0.735,104.1,14.3,18.9,16.6,13.8,23.1,0.9,6.8,17.4,-3.3,1.8,108.0,104.2,3.8,59.5,15.4,171.9,PF,72,0,0,0,0,0,0,0,13,0,0.093,0.9,0.2,1.1,8,6,0.571,0.1,0.5,0.5,CB GIRONA
201,SERGI MARTINEZ,SJG,28,21.6,4.3,1.5,4.3,0.361,0.7,2.2,0.306,0.5,0.9,0.625,1.8,2.9,4.7,0.9,0.7,0.0,0.6,1.6,219,0.463,0.441,129.3,9.7,16.9,13.2,6.3,12.2,1.7,0.0,11.0,-0.2,1.0,107.6,116.8,-9.1,136.8,8.7,606.0,F,25,1,0,0,0,0,0,0,13,0,0.083,1.4,1.1,0.2,11,17,0.393,0.1,0.6,0.7,CB GRANADA
202,KHALIFA DIOP,BASK,34,15.2,4.2,1.8,2.6,0.689,0.0,0.0,0.0,0.6,1.5,0.373,1.5,2.7,4.1,0.7,0.4,0.5,1.0,2.1,139,0.636,0.689,106.1,12.3,22.0,17.2,7.0,22.7,1.4,3.5,13.1,-3.4,1.6,113.3,115.4,-2.1,158.6,13.2,515.6,FC,118,0,0,0,0,0,0,0,11,0,0.081,0.7,0.4,0.6,18,16,0.529,0.4,0.6,1.0,BASKONIA
203,EDGAR VICEDO,GRA,16,16.1,4.2,1.3,3.6,0.362,0.7,2.3,0.306,0.9,1.3,0.7,0.7,2.3,2.9,0.4,0.5,0.2,0.4,1.6,210,0.501,0.457,136.8,5.2,19.1,11.8,4.4,8.2,1.6,1.2,13.4,-0.5,1.2,106.6,112.8,-6.2,53.5,9.4,257.7,SF,194,0,0,0,0,0,0,0,11,0,0.063,1.2,1.3,0.3,4,12,0.25,0.1,0.3,0.4,FORCA LLEIDA CE
204,D.J. STEPHENS,MUR,16,13.0,4.2,1.7,3.6,0.466,0.6,2.0,0.281,0.3,0.4,0.571,0.4,2.2,2.6,0.4,0.3,0.8,0.3,1.1,153,0.548,0.543,131.8,3.5,19.3,11.6,4.9,7.6,1.0,6.6,14.7,-0.5,1.2,109.9,104.1,5.8,62.6,12.8,207.7,GF,199,0,0,0,0,0,0,0,15,0,0.07,1.2,0.8,0.1,8,8,0.5,0.1,0.5,0.6,CB GIRONA
205,AMIDA BRIMAH,VAL,19,10.2,4.1,1.3,1.8,0.714,0.0,0.0,0.0,1.4,1.8,0.771,0.9,1.5,2.4,0.4,0.0,1.1,0.7,1.5,41,0.764,0.714,148.6,11.1,16.6,14.1,4.9,20.5,0.0,11.2,14.6,-4.2,2.2,133.9,110.9,23.0,77.4,18.3,193.5,C,139,0,0,0,0,0,0,0,12,0,0.048,0.5,0.0,1.0,15,4,0.789,0.6,0.3,0.9,VALENCIA BASKET
206,PEP BUSQUETS,JOV,10,12.6,4.0,1.4,2.6,0.538,0.6,1.4,0.429,0.6,1.0,0.6,0.5,1.4,1.9,0.9,0.3,0.1,0.3,1.3,107,0.658,0.654,156.7,5.6,13.1,9.7,11.3,9.0,1.3,0.8,13.1,2.5,1.5,135.4,113.8,21.5,35.8,14.8,126.0,F,98,0,0,0,0,0,0,0,11,0,0.075,3.0,1.0,0.4,6,4,0.6,0.4,0.1,0.5,JOVENTUT BADALONA
207,ELI JOHN N'DIAYE,RMB,30,14.1,4.0,1.5,3.8,0.391,0.6,2.2,0.273,0.4,0.6,0.632,1.0,1.8,2.8,0.3,0.4,0.2,0.6,1.8,216,0.486,0.47,129.6,9.7,14.0,12.0,3.3,12.7,1.7,1.5,15.6,-2.9,1.0,103.4,106.8,-3.5,80.6,9.0,424.0,C,170,0,0,0,0,0,0,0,11,0,0.059,0.5,0.7,0.2,27,3,0.9,-0.1,1.0,0.9,REAL MADRID
208,GUILLEM JOU,MAN,16,11.7,3.9,1.1,2.3,0.486,0.9,2.0,0.438,0.8,0.8,1.0,0.6,1.6,2.2,0.3,0.4,0.1,0.0,1.2,96,0.733,0.676,192.4,6.5,17.9,11.9,4.2,0.0,1.7,1.2,9.9,1.7,1.7,167.1,108.4,58.7,62.0,15.3,187.0,SG,213,0,0,0,0,0,0,0,10,0,0.049,0.0,0.0,0.3,6,10,0.375,0.7,0.4,1.1,BAXI MANRESA
209,SANTIAGO VESCOVI,MAN,24,11.1,3.9,1.2,3.0,0.403,0.7,2.0,0.34,0.8,1.0,0.826,0.7,1.0,1.7,0.8,0.4,0.1,0.3,1.3,155,0.566,0.514,156.9,6.8,12.1,9.3,11.1,7.9,1.7,0.8,14.6,1.8,1.3,125.8,110.9,15.0,71.6,12.7,267.3,G,232,0,0,0,0,0,0,0,13,0,0.068,2.6,1.3,0.3,10,14,0.417,0.5,0.5,1.0,BAXI MANRESA
210,JAIME FERNANDEZ,ZAR,22,11.5,3.9,1.5,2.9,0.54,0.4,1.1,0.36,0.4,0.9,0.4,1.1,1.8,2.9,0.3,0.4,0.4,0.2,2.1,112,0.592,0.611,130.0,12.2,19.8,15.9,3.5,6.5,1.6,3.6,13.4,-0.4,1.3,128.0,115.1,13.0,78.5,14.4,252.7,PG,57,0,0,0,0,0,0,0,15,0,0.056,1.2,1.6,0.3,9,13,0.409,0.5,0.3,0.8,CASADEMONT ZARAGOZA
210,JAIME FERNANDEZ,ZAR,22,11.5,3.9,1.5,2.9,0.54,0.4,1.1,0.36,0.4,0.9,0.4,1.1,1.8,2.9,0.3,0.4,0.4,0.2,2.1,112,0.592,0.611,130.0,12.2,19.8,15.9,3.5,6.5,1.6,3.6,13.4,-0.4,1.3,128.0,115.1,13.0,78.5,14.4,252.7,C,57,0,0,0,0,0,0,0,15,0,0.056,1.2,1.6,0.3,9,13,0.409,0.5,0.3,0.8,CASADEMONT ZARAGOZA
211,MUSA SAGNIA,MAN,33,14.5,3.8,1.5,3.6,0.425,0.5,1.8,0.276,0.3,0.6,0.45,1.4,1.7,3.1,0.5,0.5,0.4,0.8,1.9,209,0.493,0.492,115.1,11.0,15.4,13.1,5.7,17.3,1.9,2.7,14.3,-3.2,1.1,100.9,107.7,-6.7,105.8,9.4,477.0,C,44,0,0,0,0,0,0,0,14,0,0.07,0.6,0.7,0.2,17,16,0.515,-0.2,1.0,0.8,BAXI MANRESA
212,GUILLEM FERRANDO,SJG,24,9.6,3.8,1.2,3.2,0.377,0.9,2.1,0.412,0.5,0.7,0.765,0.2,0.5,0.8,1.7,0.3,0.0,1.0,1.0,200,0.545,0.513,155.3,2.6,7.2,4.8,31.3,22.8,1.4,0.0,21.7,0.7,1.2,102.7,118.4,-15.7,51.6,10.1,229.6,PG,180,0,0,0,0,0,0,0,17,0,0.105,1.6,0.2,0.2,7,17,0.292,-0.1,0.2,0.1,CB GRANADA
213,JOAQUIN RODRIGUEZ,ZAR,20,12.0,3.8,1.6,4.2,0.373,0.4,1.7,0.212,0.3,0.3,1.0,0.4,0.7,1.1,1.3,0.6,0.1,0.8,1.9,231,0.438,0.416,158.6,4.2,6.9,5.6,15.4,15.7,2.4,0.5,18.7,0.3,0.9,96.4,116.8,-20.4,30.3,7.0,239.9,G,79,0,0,0,0,0,0,0,10,0,0.086,1.6,0.7,0.1,10,10,0.5,-0.2,0.2,-0.1,CASADEMONT ZARAGOZA
214,STEFAN JOVIC,VAL,23,13.7,3.7,1.5,3.4,0.449,0.4,1.3,0.3,0.3,0.5,0.636,0.2,1.5,1.7,4.3,0.7,0.1,1.5,1.9,140,0.519,0.506,138.5,1.9,12.9,7.5,42.9,29.7,2.8,1.0,16.4,9.6,1.1,112.3,109.5,2.9,116.6,13.1,314.9,G,65,0,0,0,0,0,0,0,11,0,0.171,2.8,0.5,0.1,16,7,0.696,0.3,0.6,0.9,VALENCIA BASKET
215,PAU RIBAS,JOV,30,11.6,3.7,1.4,3.0,0.451,0.8,2.1,0.387,0.2,0.2,0.857,0.0,1.0,1.0,1.1,0.1,0.0,0.6,1.1,206,0.595,0.582,169.5,0.4,10.5,5.7,15.6,15.3,0.6,0.0,15.5,1.7,1.2,113.7,118.5,-4.7,69.1,9.7,348.9,SG,73,0,0,0,0,0,0,0,11,0,0.083,2.0,0.2,0.1,17,13,0.567,0.3,0.2,0.5,JOVENTUT BADALONA
216,OUSMANE N'DIAYE,GRA,13,14.3,3.7,1.5,3.7,0.396,0.7,2.0,0.346,0.1,0.2,0.5,1.2,2.0,3.2,0.2,0.4,0.5,0.9,1.5,215,0.491,0.49,124.2,10.1,18.2,13.9,2.8,19.7,1.4,4.2,14.7,-5.4,1.0,95.5,118.3,-22.8,40.3,9.0,185.8,FC,66,0,0,0,0,0,0,0,9,0,0.061,0.3,0.4,0.0,2,11,0.154,-0.2,0.1,0.0,FORCA LLEIDA CE
217,GUILLEM VIVES,JOV,32,15.7,3.5,1.2,2.9,0.402,0.8,2.0,0.422,0.3,0.4,0.846,0.4,1.4,1.8,1.8,0.5,0.2,0.7,2.8,213,0.573,0.549,167.0,3.1,11.2,7.3,17.1,18.4,1.9,1.4,11.5,3.3,1.2,116.8,115.9,0.9,98.1,9.1,502.6,PG,80,0,0,0,0,0,0,0,9,0,0.098,2.6,0.8,0.1,16,16,0.5,0.5,0.5,1.0,JOVENTUT BADALONA
218,ALEXANDER MADSEN,FOR,30,12.5,3.5,1.4,3.0,0.461,0.3,1.1,0.235,0.5,0.7,0.714,0.7,1.5,2.2,0.7,0.4,0.4,0.6,2.1,202,0.534,0.506,141.0,7.1,15.6,11.2,9.3,16.2,1.7,4.1,14.3,-1.5,1.2,105.4,115.6,-10.2,80.1,10.0,374.3,F,82,0,0,0,0,0,0,0,12,0,0.073,1.1,0.6,0.2,8,22,0.267,0.0,0.4,0.4,RIO BREOGAN
219,RUBEN GUERRERO,GRA,34,13.9,3.4,1.5,2.2,0.676,0.0,0.0,0.0,0.4,0.9,0.517,1.4,1.8,3.2,0.3,0.2,0.3,0.6,2.4,190,0.663,0.676,119.3,12.7,17.2,14.8,4.0,20.2,0.9,2.5,10.6,-3.1,1.6,120.8,116.6,4.2,110.9,11.2,471.4,F,103,0,0,0,0,0,0,0,12,0,0.064,0.5,0.4,0.4,9,25,0.265,0.6,0.5,1.0,FORCA LLEIDA CE
220,RAFA LUZ,AND,21,13.6,3.3,1.3,2.6,0.491,0.3,0.6,0.538,0.4,0.7,0.643,0.4,1.3,1.7,3.6,0.6,0.0,1.2,1.1,127,0.572,0.555,167.2,3.9,11.8,8.0,38.3,29.8,2.4,0.4,14.3,8.6,1.3,117.9,120.8,-2.9,103.8,13.8,286.2,PG,202,0,0,0,0,0,0,0,16,0,0.155,2.9,0.5,0.3,10,11,0.476,0.4,0.1,0.5,MORABANC ANDORRA
221,AMAR SYLLA,BBB,16,10.1,3.3,1.3,2.5,0.5,0.3,0.8,0.333,0.6,0.6,0.9,0.7,1.1,1.8,0.3,0.4,0.0,0.4,1.2,148,0.597,0.55,173.3,8.4,13.7,11.0,4.4,11.9,2.4,0.0,15.1,-2.1,1.3,117.9,116.5,1.3,38.5,12.9,162.1,C,92,0,0,0,0,0,0,0,13,0,0.052,0.7,1.2,0.3,2,14,0.125,0.2,0.2,0.4,BILBAO BASKET
222,JONATHAN BARREIRO,UNI,30,14.1,3.3,1.2,2.9,0.425,0.6,1.6,0.347,0.3,0.6,0.471,0.8,1.6,2.3,0.7,0.3,0.1,0.7,0.8,225,0.524,0.523,124.3,6.8,14.6,10.6,6.7,18.2,1.2,0.5,12.6,-1.8,1.1,101.6,110.1,-8.5,84.6,7.9,423.2,SF,107,0,0,0,0,0,0,0,11,0,0.059,1.0,0.5,0.2,21,9,0.7,-0.1,0.8,0.6,UCAM MURCIA CB
223,MOUSSA DIAGNE,MUR,28,10.1,3.3,1.0,1.7,0.596,0.0,0.0,0.0,1.3,1.5,0.814,1.0,1.4,2.3,0.2,0.2,0.2,0.5,1.5,119,0.69,0.596,141.0,11.1,16.6,13.8,3.5,16.5,1.1,2.2,13.0,-3.2,1.9,130.4,109.5,20.9,79.6,14.1,281.7,C,96,0,0,0,0,0,0,0,14,0,0.042,0.5,0.5,0.9,13,15,0.464,0.7,0.5,1.2,CB GIRONA
224,OGNJEN JARAMAZ,BASK,27,10.4,3.2,1.2,3.1,0.393,0.4,1.2,0.303,0.4,0.7,0.579,0.2,0.7,1.0,1.0,0.1,0.0,1.0,1.4,239,0.471,0.452,127.5,2.8,8.7,5.8,15.2,22.6,0.8,0.4,19.8,-3.2,1.0,88.0,121.3,-33.3,23.9,4.4,281.3,SG,114,0,0,0,0,0,0,0,18,0,0.073,1.0,0.1,0.2,15,12,0.556,-0.7,0.1,-0.6,BASKONIA
225,HENRI DRELL,TEN,10,9.3,3.2,1.0,2.0,0.5,0.5,1.2,0.417,0.7,1.1,0.636,0.1,1.3,1.4,0.2,0.4,0.3,0.3,1.1,130,0.644,0.625,155.3,1.5,18.2,10.2,3.3,10.8,2.4,3.5,14.7,-1.9,1.6,119.9,114.9,5.0,24.1,13.5,92.5,SF,76,0,0,0,0,0,0,0,9,0,0.039,0.7,1.3,0.6,6,4,0.6,0.1,0.1,0.2,LENOVO TENERIFE
226,CHUMI ORTEGA,AND,34,16.4,3.0,0.9,2.5,0.36,0.3,1.1,0.256,0.9,1.1,0.861,1.4,1.4,2.8,0.8,1.1,0.2,0.8,2.2,207,0.506,0.419,147.8,11.1,11.1,11.1,6.8,21.6,3.6,1.2,10.7,-1.8,1.2,109.2,117.7,-8.5,114.0,9.6,556.9,SG,236,0,0,0,0,0,1,0,10,0,0.055,1.0,1.4,0.4,14,20,0.412,0.2,0.4,0.6,MORABANC ANDORRA
227,FRANCISCO CAFFARO,SJG,23,9.3,2.7,0.8,1.4,0.563,0.0,0.0,0.0,1.1,1.6,0.703,0.6,1.2,1.8,0.3,0.0,0.2,0.5,1.2,197,0.642,0.563,126.5,7.8,16.9,12.2,4.7,19.9,0.2,2.1,12.9,-3.7,1.9,116.3,116.4,-0.1,44.6,10.3,213.6,C,219,0,0,0,0,0,0,0,11,0,0.038,0.5,0.1,1.2,7,16,0.304,0.2,0.2,0.4,CB GRANADA
228,IVAN AURRECOECHEA,GRA,23,8.9,2.7,1.0,1.7,0.55,0.0,0.0,0.0,0.7,1.4,0.515,1.2,0.9,2.1,0.3,0.1,0.1,0.3,1.7,188,0.559,0.55,106.5,15.9,13.7,14.9,5.1,12.8,0.5,1.1,14.1,-2.0,1.5,118.1,121.6,-3.5,44.4,11.4,203.9,PF,105,0,0,0,0,0,0,0,11,0,0.044,0.8,0.3,0.8,5,18,0.217,0.3,0.1,0.3,FORCA LLEIDA CE
229,MICHAEL RUZIC,JOV,17,11.1,2.6,1.1,2.3,0.462,0.2,0.9,0.2,0.3,0.9,0.333,0.6,1.1,1.6,0.2,0.2,0.3,0.2,1.6,228,0.482,0.5,99.5,7.0,11.9,9.5,3.4,8.1,1.2,2.7,12.6,-0.7,1.1,103.1,117.4,-14.3,27.6,7.6,189.4,C,134,0,0,0,0,0,0,0,13,0,0.044,1.0,1.0,0.4,6,11,0.353,0.0,0.2,0.1,JOVENTUT BADALONA
230,RAUL VILLAR,FCB,16,9.3,2.4,0.8,1.8,0.448,0.3,0.6,0.556,0.4,0.6,0.7,0.6,0.4,1.0,1.1,0.6,0.0,0.5,1.1,168,0.569,0.534,170.4,8.4,6.0,7.1,16.5,19.3,3.6,0.0,13.0,2.7,1.3,121.2,112.8,8.3,37.8,12.2,148.3,G,97,0,0,0,0,0,0,0,8,0,0.058,2.3,1.3,0.3,10,6,0.625,0.2,0.2,0.5,BARCA
231,NACHO LLOVET,AND,21,11.5,2.3,1.0,1.9,0.538,0.0,0.0,0.0,0.3,0.5,0.545,0.7,1.8,2.4,0.6,0.3,0.1,0.4,1.6,218,0.547,0.538,108.4,7.0,20.2,13.3,7.4,15.4,1.3,0.9,9.6,0.0,1.2,114.9,119.7,-4.8,51.4,8.9,242.4,FC,116,0,0,0,0,0,0,0,7,0,0.052,1.5,0.8,0.3,8,13,0.381,0.2,0.1,0.3,MORABANC ANDORRA
232,JOVAN KLJAJIC,GCN,25,6.8,2.3,0.7,2.3,0.316,0.3,1.2,0.258,0.5,0.9,0.591,0.1,0.4,0.5,0.4,0.2,0.0,0.4,0.8,237,0.427,0.386,116.5,2.3,7.6,5.0,9.3,11.9,1.6,0.0,21.5,-1.4,1.0,89.1,121.7,-32.6,13.0,5.3,171.1,SG,78,0,0,0,0,0,0,0,8,0,0.038,1.1,0.6,0.4,10,15,0.4,-0.4,0.0,-0.3,DREAMLAND GRAN CANARIA
233,SANDER RAIESTE,BASK,22,9.4,2.3,0.8,1.5,0.545,0.6,1.0,0.565,0.0,0.0,1.0,0.5,0.6,1.1,0.5,0.1,0.1,0.7,1.4,230,0.748,0.742,211.1,6.8,7.5,7.1,7.4,32.4,0.8,1.0,11.1,-4.5,1.5,108.8,120.3,-11.5,29.6,7.1,206.0,SF,156,0,0,0,0,0,0,0,12,0,0.043,0.6,0.2,0.0,10,12,0.455,0.1,0.1,0.2,BASKONIA
234,KONSTANTIN KOSTADINOV,TEN,16,6.8,2.2,1.0,1.7,0.593,0.0,0.0,0.0,0.2,0.3,0.75,0.6,0.6,1.3,0.1,0.1,0.1,0.3,1.4,172,0.608,0.593,134.3,13.2,12.3,12.7,2.9,12.2,1.0,2.1,15.0,-2.6,1.3,122.6,119.5,3.1,21.8,12.0,108.7,PF,237,0,0,0,0,0,0,0,6,0,0.036,0.5,0.5,0.1,12,4,0.75,0.2,0.1,0.3,LENOVO TENERIFE
235,ERIK QUINTELA,BRE,24,7.3,2.2,0.8,1.5,0.514,0.2,0.6,0.357,0.5,0.6,0.786,0.3,0.6,0.9,1.0,0.4,0.1,0.5,1.0,136,0.632,0.586,165.7,5.4,10.3,7.8,23.5,24.0,3.1,1.3,14.4,1.7,1.5,116.2,115.7,0.4,49.5,13.3,175.3,PG,211,0,0,0,0,0,0,0,9,0,0.064,1.8,0.8,0.4,7,17,0.292,0.2,0.2,0.4,DREAMLAND GRAN CANARIA
236,LLUIS COSTA,TEN,27,6.7,2.0,0.8,2.0,0.382,0.2,1.0,0.231,0.2,0.3,0.667,0.0,0.2,0.2,0.7,0.1,0.0,0.6,0.6,240,0.458,0.436,127.9,0.0,3.8,1.9,15.5,21.3,1.3,0.6,20.7,-2.3,1.0,86.1,122.4,-36.3,12.6,4.1,181.4,PG,241,0,0,0,0,0,0,0,10,0,0.048,1.1,0.3,0.2,20,7,0.741,-0.5,0.0,-0.5,LENOVO TENERIFE
237,MOR MASSAMBA DIOP,GCN,17,4.4,1.9,0.8,1.0,0.765,0.0,0.0,0.0,0.4,0.9,0.467,0.3,0.3,0.6,0.0,0.1,0.2,0.4,0.8,113,0.699,0.765,123.1,9.3,9.4,9.3,0.0,20.3,1.5,4.6,19.4,-8.4,1.9,111.3,121.9,-10.6,15.4,14.3,75.0,C,119,0,0,0,0,0,0,0,8,0,0.025,0.0,0.3,0.9,8,9,0.471,0.1,0.0,0.1,DREAMLAND GRAN CANARIA
238,DANIEL GARCIA,MUR,19,9.4,1.9,0.6,2.2,0.293,0.5,1.7,0.281,0.2,0.3,0.5,0.2,0.8,1.0,1.3,0.6,0.0,0.5,1.6,233,0.412,0.402,107.4,2.0,12.1,6.7,20.6,18.6,3.3,0.0,14.1,3.4,0.9,91.7,107.2,-15.5,28.0,6.6,178.0,PG,52,0,0,0,0,0,0,0,9,0,0.064,2.4,1.1,0.1,8,11,0.421,-0.2,0.4,0.1,CB GIRONA
239,MICHAEL CAICEDO,FOR,12,8.5,1.6,0.7,1.8,0.381,0.1,0.6,0.143,0.2,0.2,1.0,0.3,1.0,1.3,0.8,0.3,0.1,0.3,1.4,234,0.434,0.405,152.4,3.4,15.4,9.1,14.6,12.1,1.5,1.1,11.0,2.8,0.9,99.7,115.5,-15.9,16.0,6.4,101.6,F,157,0,0,0,0,0,0,0,6,0,0.051,3.0,1.0,0.1,2,10,0.167,0.0,0.1,0.1,RIO BREOGAN
240,MIYE ONI,JOV,10,13.8,1.4,0.5,2.3,0.217,0.2,1.6,0.125,0.2,0.7,0.286,0.3,1.8,2.1,1.0,0.9,0.1,0.8,2.5,241,0.268,0.261,62.8,2.7,16.9,9.6,10.1,23.5,3.5,0.8,11.6,-1.0,0.6,65.4,108.2,-42.8,10.1,2.2,137.9,SF,197,0,0,0,0,0,0,0,5,0,0.048,1.3,1.1,0.3,7,3,0.7,-0.5,0.3,-0.2,JOVENTUT BADALONA
241,XAVI RABASEDA,BBB,22,8.5,1.3,0.5,1.3,0.379,0.1,0.8,0.167,0.1,0.3,0.5,0.2,0.5,0.8,0.5,0.5,0.1,0.4,1.1,236,0.442,0.431,104.6,3.3,8.1,5.6,10.3,20.2,3.5,1.1,10.1,0.0,1.0,90.9,111.5,-20.6,24.0,6.3,187.9,GF,88,0,0,0,0,0,0,0,7,0,0.037,1.5,1.5,0.2,8,14,0.364,-0.2,0.3,0.1,BILBAO BASKET
242,PERE TOMAS,GRA,22,8.1,1.3,0.4,1.2,0.346,0.3,0.9,0.35,0.1,0.2,0.6,0.5,1.0,1.5,0.2,0.3,0.0,0.3,1.2,235,0.496,0.481,129.6,8.3,16.6,12.3,3.5,17.5,1.8,0.6,8.8,-1.9,1.1,105.0,115.9,-10.9,26.6,6.3,177.9,SF,100,0,0,0,0,0,0,0,6,0,0.021,0.7,1.0,0.2,7,15,0.318,0.0,0.2,0.2,FORCA LLEIDA CE
